,cum_rewards_model,cum_rewards_error,cum_rewards_real,policy_loss_list_error,policy_loss_list_model,critic_loss_list_error,critic_loss_list_model,last_states_model,last_states_error,last_states_real,last_errors,model
0,-93.30835141879491,-34.50640656523154,-58.81488880904162,0,0,0,0,2.142976774475822,-0.42707925663696966,1.7158975178388525,-0.8896982581539088,training_run_1
1,-205.2325491343877,-32.27846456640621,-172.9540845679815,0,0,0,0,2.198164003702458,-0.4365816269718623,1.7615823767305958,-1.7877863511489722,training_run_1
2,-76.82712761184119,-16.3798367452433,-84.35106054902911,0.32851276,1.4721222,0.027636087,0.16510814,-0.15789127558993088,1.2340859435979494,1.0761946680080186,0.5399774202743309,training_run_1
3,-18.657895465507174,-17.27268830604335,-32.86124386687048,0.41803917,1.6999928,0.011967405,0.06489898,-0.10735372525303134,1.409090285192832,1.3017365599398005,0.5640578827341283,training_run_1
4,-65.89366225802266,-13.865268810932518,-52.028393447090124,0.5009334,2.0673466,0.006080066,0.35341415,-0.17964776973830163,1.3426329135082473,1.1629851437699457,3.745778820039816,training_run_1
5,-71.54088018518624,-10.87765291787846,-60.66322726730776,0.52848315,2.4817736,0.0020211656,0.15152901,-0.18488049817319085,1.0919719204850138,0.9070914223118229,3.987008246920022,training_run_1
6,-57.32835420038495,-10.059248560931762,-47.2691056394532,0.54350215,2.7654731,0.004189652,0.055650398,-0.17323308131256843,0.887420144068048,0.7141870627554796,3.215376846018982,training_run_1
7,-14.853452465196344,-6.026083533752549,-18.34756845931414,0.56051666,2.9288857,0.007290106,0.03873822,-0.7657135266553301,1.2322113710105975,0.4664978443552675,0.9762179538627965,training_run_1
8,-138.31868902252563,-57.87716581097949,-86.22978828983787,0.9721587,3.6911287,0.0021066873,0.052784335,5.000670608392687,-3.392255981389958,1.6084146270027289,-4.730215119754616,training_run_1
9,-25.089140763287652,-28.716999519056547,-51.90337232929263,1.1019052,3.950935,0.02313797,0.03935685,4.2621949374875046,-2.1838254427504915,2.078369494737013,-0.5934523213429532,training_run_1
10,-46.957367132607324,-36.71643843891787,-83.03076638544795,1.2053332,4.678438,0.04929603,0.23264357,4.1759333489783,-1.9685798541630324,2.2073534948152678,-0.302605876125456,training_run_1
11,-30.305108044895242,-20.532963795738112,-39.1945646831793,1.1402669,4.7992268,0.034150045,0.3073061,9.457910733315757,-6.4816158175745056,2.976294915741251,-5.640361124959952,training_run_1
12,-18.10428031187196,-8.573536387694649,-11.158132386666853,1.3589534,5.0502424,0.043949418,0.47134766,4.028480488554639,-0.6984554917187027,3.330024996835936,-1.606476461664046,training_run_1
13,-27.069683021576466,-13.157585568660517,-34.37619575456687,1.4851171,5.258292,0.07784039,0.15312682,3.672207866026873,0.21440978732181115,3.8866176533486843,-0.05124866169348019,training_run_1
14,-31.459808608090427,-43.548527031352734,-58.510055958195224,1.6751084,5.191196,0.104308225,0.10199761,1.6275899523534934,-0.25174545832661455,1.3758444940268788,0.0004936893920863827,training_run_1
15,-11.164165050803856,-1.0372368672865355,-10.701851845563208,1.8851538,5.5915065,0.13729572,0.1738352,3.3735136221883306,0.41034490627046427,3.783858528458795,0.15497052478891815,training_run_1
16,-19.920223690153737,-1.5941754701315332,-20.59286634044382,1.596573,5.5524426,0.12620948,0.5599786,3.723948915104731,0.2793777174479035,4.003326632552635,-0.06509836935359958,training_run_1
17,-8.574590961105528,-8.993909568665396,-17.52228336338821,1.8350348,6.0209446,0.07660807,0.38931623,2.941714481332629,1.0586957691327061,4.000410250465335,-0.17087050094931033,training_run_1
18,-23.641868418437205,-8.230127030640194,-24.826611009326655,1.8171296,6.02143,0.020589687,0.34084183,-0.003121596384949882,0.8496279448054089,0.846506348420459,0.9175949332593144,training_run_1
19,-33.68170290766144,-16.811374832761327,-47.58700791072063,2.0894458,5.8245068,0.051439855,0.6499868,-0.22376769705894758,0.8631094532967439,0.6393417562377963,0.6064108448292868,training_run_1
20,-12.328415446837576,-11.389349194228462,-23.04088191119834,2.0475779,5.725757,0.11353394,0.12233858,2.8694277071043923,0.6350876288310077,3.5045153359354,-0.18895695007021507,training_run_1
21,-22.132209516897266,-3.476150712225104,-24.59160601044346,2.156341,5.8527927,0.033561032,0.5266589,4.194847276609178,-0.5446018496982004,3.650245426910978,-0.36252471338574965,training_run_1
22,-6.383308976195835,-4.758936283355446,-10.031052076480252,2.0497842,6.4943037,0.023200553,0.90434575,3.012841843828021,1.0627307429690673,4.0755725867970884,-0.09151882097115527,training_run_1
23,-17.791866651876663,-6.711324283104852,-16.513057595398777,2.0543303,6.165785,0.05757107,0.20311368,0.20414007627528707,-0.37495909768929125,-0.17081902141400418,0.9452218704849075,training_run_1
24,-12.47866884595011,-2.1315802973068996,-14.149266232732021,2.0626597,6.067788,0.010677598,0.7655043,3.244604619931364,0.9649597014504172,4.209564321381781,-0.15060242825632386,training_run_1
25,-23.247894965152977,-1.7641240090691732,-24.750791546840965,1.978309,6.2084417,0.048849206,0.72722065,3.700472104570736,0.12902917192230356,3.8295012764930396,0.07232691266181135,training_run_1
26,-26.658171949069764,-2.3769674627134902,-28.59181670449218,2.0476413,6.1714272,0.044283953,0.4736186,3.791095788916838,0.2476987464148639,4.038794535331702,0.06907463883914389,training_run_1
27,-16.686208799329574,-4.566920603551491,-19.72152191431494,2.3444126,6.11007,0.02891991,0.5231743,-0.24184788189792591,0.46604962762594937,0.22420174572802348,0.4851328989304383,training_run_1
28,-23.277912865583815,-2.217992756364876,-24.488345372814685,2.3320587,6.3337274,0.013610877,0.42811844,3.6050465697818037,0.25951739957868236,3.864563969360486,0.017075789426604704,training_run_1
29,-30.685249225280803,-5.951539373523912,-36.08339738334473,2.4864073,6.2828608,0.041438963,0.655727,3.486338584500313,0.2879288138676781,3.774267398367991,-0.018651416355275785,training_run_1
30,-17.849849594764983,-2.9278434481279936,-20.14710490325201,2.1998734,6.564664,0.029735902,0.20374711,-0.06969382440687964,0.21193572576538788,0.14224190135850823,0.2580496365761689,training_run_1
31,-14.366828647544116,-0.9333845907860594,-15.017521820218953,2.2359235,6.5539627,0.019217147,0.8281636,3.553537389669638,0.1673268798646279,3.7208642695342657,-0.06411249962380117,training_run_1
32,-27.24843637465555,-4.189835546719136,-31.311638067020326,2.2907548,6.264843,0.04262529,0.07205671,3.648208191962657,0.11433989214068196,3.762548084103339,0.06331692717718784,training_run_1
33,-15.464771045761664,-3.741597076102723,-19.040808352221454,2.4799514,6.0440593,0.031749416,0.0936521,3.7501018335779426,0.3492408667414484,4.099342700319391,0.04376771231262344,training_run_1
34,-9.847879078897568,-25.490882736545373,-35.06683646713849,2.3415468,6.2718587,0.012881156,0.7679611,2.772534503305742,0.2215894135630183,2.99412391686876,-0.023625650458545255,training_run_1
35,-17.553797546623287,-3.101004836068749,-19.633979482399262,2.3477194,6.8409767,0.03323195,0.5000263,3.5513183168867464,0.2190379916269123,3.7703563085136587,-0.003574169648988157,training_run_1
36,-17.563587640378806,-2.547719516754902,-19.412916243822597,2.32806,6.345674,0.0365936,0.14196189,-0.1639264843301953,0.3296520645680554,0.16572558023786008,0.27802073185741877,training_run_1
37,-23.00584571915118,-3.3967949038365455,-25.68073181299801,2.4935265,6.227852,0.039594788,0.07133745,-0.08999541658104156,0.2771508105105712,0.18715539392952968,0.2611045951135933,training_run_1
38,-8.89503992098715,-1.8643271514541264,-7.752568576116954,2.3813128,6.412758,0.01929704,0.65057075,-0.0038030077945122587,0.1415459667179229,0.13774295892341065,1.0844205389626729,training_run_1
39,-12.143654694631346,-2.7516799237286342,-12.992015476961221,2.3855798,6.8183303,0.019125648,0.18427418,-0.19810928826827154,0.3087634392350781,0.11065415096680659,0.6566314096029912,training_run_1
40,-20.275745694624458,-2.223657450405772,-21.359005230981968,2.3762612,6.909218,0.021412011,0.7558804,-0.2479173056571472,0.3361184174112072,0.08820111175405997,0.45715585782409907,training_run_1
41,-24.92181076204043,-8.258763914127208,-32.43365141554363,2.5496783,6.279504,0.026333474,0.23340912,3.632917769714543,0.7845148174446801,4.417432587159223,0.06469200534872233,training_run_1
42,-11.610676274516745,-16.36616605344427,-27.857561737864028,2.530787,6.261091,0.040075187,0.2515129,2.2628341788459574,0.12483751894712247,2.38767169779308,-0.07594896726760592,training_run_1
43,-31.55692683976276,-2.417336258385169,-33.6459130626221,2.6432614,6.269866,0.014955856,0.26635283,3.7277825222226966,0.13998124237120724,3.867763764593904,0.12493609221702107,training_run_1
44,-24.297671247210808,-1.5880104114653883,-25.44480771366664,2.4402995,6.713564,0.12539643,0.020930428,-0.053773844749799474,0.0896865463370866,0.03591270158728713,0.32472029355206483,training_run_1
45,-19.513094617293127,-1.5238832152536097,-20.600787143255403,2.398555,6.102047,0.13598587,0.041137494,3.713968055554883,0.3173060625664901,4.031274118121373,0.14945824200321223,training_run_1
46,-26.149287858395084,-4.52869695914991,-28.830169796395644,2.3708112,6.388836,0.1177661,0.86942965,-0.035175864717927316,0.32066868519071606,0.28549282047278873,0.45345455458941664,training_run_1
47,-26.51240639874188,-10.584238685133727,-36.789386076148034,2.4759598,6.42475,0.065089,0.03885688,3.3243241647244246,-4.328993973862118,-1.004669809137693,-0.02299298461082655,training_run_1
48,-12.109747006451855,-13.0389865071529,-24.54500129727188,2.3196735,6.3307004,0.12595013,0.91091835,2.695205170197131,0.09758724874089308,2.792792418938024,-0.05806072180141353,training_run_1
49,-8.492328952431155,-9.109594155308745,-17.391528319100754,2.3613849,5.9789815,0.034921113,1.0612081,2.7239572542128334,0.0778089830571771,2.8017662372700105,-0.06269179201550301,training_run_1
50,-15.226095300664243,-0.3172979170887781,-15.28441126714891,2.3341856,5.8630605,0.051999263,0.0790852,-0.07849500083631165,-0.008923000417538948,-0.0874180012538506,0.5766327254561102,training_run_1
51,-13.719673288973542,-3.205997414669977,-11.448758479997942,2.3900945,5.332131,0.0397123,0.044208772,1.9208678262267869,-0.008912004315134947,1.911955821911652,-0.0867227759829654,training_run_1
52,-17.629170870193818,-0.8878176952356499,-18.169694618231983,2.2582533,6.5141335,0.024914173,0.12018338,-0.062357244511461865,0.04260076627645913,-0.019756478235002733,0.5030797583983451,training_run_1
53,-25.614298610805665,-3.0417376099984437,-28.582216032691782,2.4383864,6.2273927,0.037577473,0.053097166,3.5579170195594356,0.20948267047368896,3.7673996900331246,0.03691009405616441,training_run_1
54,-27.62621714717253,-4.254136554365697,-31.83860106900023,2.2130864,5.880693,0.023139752,0.13081205,3.6018368490211636,0.20690134541728655,3.80873819443845,0.020876316268995776,training_run_1
55,-21.89479076115834,-12.65533387833458,-34.14538947678401,2.109171,5.6101975,0.033583768,0.0279872,3.0835928246592927,0.0978928345765624,3.181485659235855,-0.11169134050697194,training_run_1
56,-13.701907291251967,-2.05313101493807,-13.932035243410049,2.2954721,5.253621,0.10154454,0.12100205,1.9441561099290883,0.0026361980734483925,1.9467923080025367,-0.038966527131987894,training_run_1
57,-3.950481115072573,-3.2213336979084155,-7.087857869174615,2.2228336,5.6446886,0.016084367,0.1334504,2.093710449598967,0.04308680351519767,2.136797253114165,-0.02018246525398837,training_run_1
58,-25.17404683482695,-2.6850686740605236,-27.535138437131195,2.092238,5.603578,0.025725763,0.02312663,3.591430651481803,0.39647740053241165,3.9879080520142147,0.022257977996395617,training_run_1
59,-11.170277826445929,-1.8052085458479128,-9.904773171742033,2.1118715,5.323591,0.025437817,0.21109754,-0.639119316840159,0.6106455622906994,-0.028473754549459593,1.6503870165029981,training_run_1
60,-21.17939629273607,-1.3780445038195652,-21.637695790544665,2.1595292,5.30177,0.054982692,0.04021145,-0.1087585761078091,0.14093986654391052,0.03218129043610142,1.1605960893583647,training_run_1
61,-8.19592515243132,-6.682594330736148,-14.57432720637579,2.0435402,5.3098044,0.050527763,0.039302055,1.6977114655912235,-0.0637361967905421,1.6339752688006814,0.052981490992808356,training_run_1
62,-7.096772015612281,-4.941055572515243,-6.893888972972981,1.9235387,5.6573462,0.022311347,0.03535918,2.351248326291734,0.034315603122339056,2.385563929414073,0.030891308265541984,training_run_1
63,-19.594775974973167,-1.2103038409681672,-19.91532155454219,2.0216405,4.508045,0.017625635,0.04792759,3.6066457669327474,0.055101494090278536,3.661747261023026,0.0148783253652649,training_run_1
64,-35.776576471767235,-2.903205073051087,-37.868701905486404,1.9305019,5.426674,0.041940536,0.020875,-0.2577277730843332,0.3289353887726581,0.07120761568832489,0.35929870653218476,training_run_1
65,-6.953358498730246,-3.1831080928607434,-4.784626177387989,1.7891238,4.493089,0.01805292,0.029084655,2.173700656209078,0.02070716905476777,2.1944078252638457,0.06575810114011338,training_run_1
66,-22.79551100657497,-0.9558214135070358,-23.63321419889794,2.0584638,4.4051437,0.017794447,0.16107559,3.5060040831643278,0.20779703304504027,3.713801116209368,0.009057254644141643,training_run_1
67,-26.93499383474537,-1.7657856825668334,-27.51820356251884,1.8426402,5.183471,0.018293133,0.048877444,3.7388742934110306,0.8066295573467945,4.545503850757825,0.05706582126295556,training_run_1
68,-48.22800546252765,-10.48632078410682,-57.67879739990266,2.0201623,4.8610554,0.02194456,0.03161313,3.7451741216832795,0.13953565052272543,3.884709772206005,0.07962707794332902,training_run_1
69,-19.51936885456595,-1.5930596273097666,-19.535295862551013,2.0806231,5.036375,0.025003565,0.08013149,-0.246087375781889,0.2418731876716364,-0.0042141881102525924,1.0242425716598649,training_run_1
70,-28.10271755205248,-1.8608532157147744,-29.11402888384662,1.7996444,5.406607,0.035092063,0.0277007,3.4110740826054005,0.4897123351808883,3.9007864177862888,0.09727765751257555,training_run_1
71,-22.547933680737305,-3.4404411035734377,-23.19098025827516,1.9494929,5.526929,0.022542018,0.24505925,-0.05287742583330715,0.23092273782117453,0.17804531198786738,0.843821214326197,training_run_1
72,-25.691369148535234,-1.2377780117833008,-26.441289903724417,1.883754,4.8043556,0.038502194,0.026681416,-0.1340846963295748,0.13014459019835464,-0.003940106131220145,0.3324588459824071,training_run_1
73,-32.9619840334395,-2.077522443499637,-33.20135289110145,1.8428991,4.7762117,0.029302837,0.05217659,3.6419485499824633,0.3832098673008515,4.025158417283315,0.062382406188597805,training_run_1
74,-20.446253646392293,-0.7714354244560541,-20.003254115617374,1.8452636,4.2904077,0.04488771,0.15244354,-0.0025118362525636817,-0.09263567937460693,-0.09514751562717061,0.17118553778249324,training_run_1
75,-9.994868487323517,-3.029971073211094,-7.2954209069511355,1.9492779,4.5481715,0.056064423,0.03367478,2.116317756296107,0.02827835333380868,2.1445961096299158,0.08110813611128442,training_run_1
76,-8.468270758351416,-5.960047798369911,-14.027468396918698,1.831516,4.264166,0.092805,0.012132813,2.9081221251678975,0.05624328484192276,2.9643654100098202,-0.013067272794584195,training_run_1
77,-16.816586826857154,-5.131117486276965,-21.128428999568605,1.7852819,4.2043962,0.06311589,0.050191976,1.7305048901213045,-0.013726125929053534,1.716778764192251,0.15962207922242833,training_run_1
78,-13.843716988283555,-3.3975896216908237,-16.935340956642875,1.8183002,4.7446,0.039549954,1.1811134,3.205420439487218,0.3745463951542942,3.579966834641512,-0.05364711179679871,training_run_1
79,-16.691246328360503,-0.5157275113980692,-16.967825325894488,1.6635324,5.0486684,0.026020255,0.15453447,0.035508379324267494,-0.08254341874904537,-0.04703503942477788,0.33670861503507094,training_run_1
80,-37.27469151073082,-1.8977702283455529,-38.80960957376195,1.6359134,4.79616,0.07159716,0.008617989,3.7222334173109526,0.24882147259945464,3.9710548899104072,0.12009165788716114,training_run_1
81,-8.808713259943188,-0.4152310340743053,-8.449569231094591,1.7596807,4.243347,0.023041025,0.018896326,-0.09344433557604327,-0.022322952703776378,-0.11576728827981965,0.9743763001086204,training_run_1
82,-24.667500461056378,-4.498197522692135,-28.41901560902783,1.7110512,4.2865276,0.031313006,0.024891362,3.5660847917267615,0.32936256205640024,3.8954473537831618,0.04100715347950068,training_run_1
83,-13.956020701421956,-2.222851119501722,-12.116216940727323,1.7513006,4.473028,0.014480709,0.038084246,2.0853861934573703,0.02828339904650745,2.1136695925038778,0.09469879292359717,training_run_1
84,-9.832217744874253,-4.4089685030053705,-5.720769756085403,1.7361008,3.4396992,0.030880254,0.027289432,2.2647453932801076,0.0491707001546815,2.313916093434789,0.07475682315908294,training_run_1
85,-25.52746044367906,-81.13246537647709,-106.09550586542547,1.67906,4.297303,0.048730005,0.031333964,3.8144960135974055,0.22986670886416372,4.044362722461569,-0.006292665410927434,training_run_1
86,-43.04478096819047,-2.5903045936117146,-45.37721278363849,1.6808397,4.808569,0.04292378,0.15937649,3.6541302555642377,0.42052585365082695,4.074656109215065,0.08518308972779476,training_run_1
87,-10.992756762424978,-7.525747553171602,-17.163638550938156,1.9172881,4.2262926,0.026458435,1.2130095,2.9204076316267855,0.05041499749398026,2.970822629120766,-0.006659199938066074,training_run_1
88,-12.755510079749419,-0.550559524551388,-12.84199037571289,1.6447604,4.61413,0.031631302,0.017888129,0.006372120749738239,-0.05291511478754893,-0.04654299403781069,1.2270152440046809,training_run_1
89,-28.76093810701,-2.863120640191374,-30.67572394576929,1.671744,4.461373,0.33543447,0.0095703695,3.5614762622585596,0.17844888454624375,3.7399251468048034,0.015191576301474718,training_run_1
90,-34.15212266848554,-1.4391640882521437,-35.57146662268635,1.6241803,4.5334105,0.029164035,0.015955834,-0.1233449556046837,-0.058657536550749095,-0.1820024921554328,0.4353251057070684,training_run_1
91,-23.67639268535109,-1.9461314389921607,-24.91715039620787,1.650782,4.261062,0.033313476,0.011033702,3.506071668129894,1.056956027980438,4.563027696110332,0.029691145430811527,training_run_1
92,-24.024872175702694,-0.7276672149754988,-23.4243610091681,1.7013971,4.2388525,0.049263667,0.040009573,-0.17731404285971042,0.12695272018708204,-0.0503613226726284,0.598043658709591,training_run_1
93,-14.48376032716928,-0.9404952588719699,-14.755922538757437,1.483308,4.3811984,0.02494983,1.2362962,-0.244809323588912,0.18927288070385495,-0.05553644288505706,0.46073684878975335,training_run_1
94,-19.48994611441109,-1.7084275376255955,-19.739893440481694,1.5347577,4.743582,0.25535545,0.033295814,1.9482831500110138,0.0023389452355375706,1.9506220952465514,0.1589848863411918,training_run_1
95,-29.78541121129812,-0.7145747163873375,-29.303365851121164,1.6486329,3.9632864,0.15475702,0.023233904,-0.15148821965411519,0.17730236612374706,0.025814146469631857,0.33067066186904276,training_run_1
96,-27.9098605735639,-4.022157605003656,-31.266744655907384,1.5780685,3.3160787,0.026090704,0.041337978,3.481009793656781,0.7267467606322602,4.207756554289041,0.05247487083751112,training_run_1
97,-20.843517132742573,-1.9457965001695698,-21.027138014059826,1.7374954,4.0957203,0.12078262,0.00756517,-0.06760841738242188,0.19051479789260906,0.12290638051018718,0.9106589710003703,training_run_1
98,-15.440319215345,-0.660848032587892,-14.931275467920806,1.523968,4.527663,0.05072207,0.05344077,-0.11955171564420972,0.15573959454169467,0.036187878897484954,0.4396140436716153,training_run_1
99,-14.90932020470438,-2.560870914679115,-15.73306572855658,1.7544762,3.9727006,0.029910635,1.2029588,-0.3683507065256121,0.5072010279044699,0.13885032137885772,0.6301679601578767,training_run_1
100,-39.20284396776024,-1.840906909181824,-40.81016098759734,1.5710962,3.6537395,0.031302486,0.011696,-0.006818290223702089,0.1215586923214339,0.11474040209773181,0.11679494467235273,training_run_1
101,-23.796470503379936,-4.12509003715585,-20.316947001009098,1.4572611,4.138172,0.051545497,0.06666878,2.182621826542703,0.021012419199812005,2.203634245742515,0.19578327130287043,training_run_1
102,-31.886526560954177,-2.646568427022184,-33.63106351435566,1.4711024,4.617795,0.0325325,0.01639475,3.7109049899277173,0.2949080395742212,4.0058130295019385,0.12033246847752066,training_run_1
103,-38.70576472962082,-2.880626097039165,-41.18631030024041,1.7288989,4.2458715,0.059644707,0.03328577,3.6671583729688306,0.38246014974033393,4.049618522709165,0.10019750861414689,training_run_1
104,-21.505221886699907,-1.6486688091611663,-20.893294038309914,1.4372005,4.8340235,0.08591222,0.0124335075,3.7161380833908626,0.5792090736699191,4.295347157060782,0.09326956929040309,training_run_1
105,-34.36202988936722,-3.05465035931962,-36.00729054061739,1.5961529,4.763972,0.048166342,0.01809172,-0.3242826514234105,0.34609649265051984,0.021813841227109332,0.6939441442293098,training_run_1
106,-17.784893670090796,-0.9995006789799858,-18.353350557410998,1.632597,4.8477526,1.2656924,0.012777235,3.5935635926208245,0.5213416995339419,4.114905292154766,0.046658130466258996,training_run_1
107,-15.472167437334914,-0.6836897202917518,-15.067669576969909,1.4230016,4.384658,0.019314848,0.022596966,-0.13103883044095443,0.11261476722376573,-0.018424063217188702,0.44678334707465234,training_run_1
108,-22.587864435913506,-2.3504561378297333,-24.317038921292315,1.6928627,4.6423492,0.060729273,0.023754584,3.5989145736302395,0.11487766466078142,3.713792238291021,0.04820731261801203,training_run_1
109,-30.593839735538054,-2.2704170727983914,-28.91485053772154,1.7042212,4.5463057,0.44075522,0.01073477,1.9374280900963872,-0.008117081624590794,1.9293110084717964,0.2710192850123556,training_run_1
110,-29.057263245012432,-8.420138192236783,-37.07035191758247,1.4671931,5.0418696,0.037738025,0.007199748,3.780257327715289,3.5574135989166904,7.337670926631979,0.08395198036825091,training_run_1
111,-18.61129929532369,-2.839256576651885,-21.09854077978701,1.4928293,4.2315965,0.06842044,0.021268185,3.5478305619727695,0.12003533505472275,3.667865897027492,0.010903241426138077,training_run_1
112,-27.10446064464572,-8.40198814082589,-18.702472503819816,1.7158393,4.0503125,0.03894092,0.019210743,2.3191083281162967,0.08387473702190329,2.4029830651382,0.2616417670450262,training_run_1
113,-27.10816319085586,-2.5604563437420453,-25.37278490910309,1.5814347,4.7514954,1.9384496,0.028886307,2.0219959118385855,0.018195374084169824,2.0401912859227553,0.16000415649267286,training_run_1
114,-4.966603306447573,-2.2304292073079814,-6.210691057550969,1.3558966,4.123971,0.04536872,0.019351408,2.056910657466494,0.023643315073780702,2.0805539725402746,-0.05506375101600103,training_run_1
115,-31.776799221606908,-10.052818882961443,-22.040405978640713,1.6474738,4.4558773,0.029419556,0.024835523,1.5645848624162355,-0.09627748540420877,1.4683073770120267,-0.2443689746683353,training_run_1
116,-11.786906535466981,-1.3503807714025444,-11.681019258549764,1.7261772,4.876862,0.046865314,0.03386104,3.486508119732011,0.1026777507225276,3.5891858704545387,0.05731962141334401,training_run_1
117,-24.31872378336965,-10.121649450334465,-14.792847809443638,1.5715665,4.4741797,0.031182582,0.0072722877,1.2179264534386298,-0.12195608805245128,1.0959703653861785,-0.17704496832117567,training_run_1
118,-13.757207991434912,-0.8109294527252202,-13.717473855268787,1.5739489,4.1612625,0.13733472,0.009278358,3.6218051763897097,0.22587177350134668,3.8476769498910564,0.09898711801272464,training_run_1
119,-20.53157656761012,-2.783445695260376,-18.958331843847272,1.5847194,4.285495,0.07488004,0.23562492,1.8269727866168883,-0.02985664210670902,1.7971161445101793,-0.15336749237843383,training_run_1
120,-23.78670505332475,-1.012991415242671,-24.566302035210327,1.4244046,3.561675,0.06007064,0.012821967,3.6443258924780038,0.13271729528527176,3.7770431877632755,0.08824953411843461,training_run_1
121,-24.90569660000162,-6.275366474419867,-19.951690752662515,1.4485127,4.1737638,0.14263676,0.01827043,1.6501389125870183,-0.05039257408903408,1.5997463384979842,-0.19573820462823366,training_run_1
122,-11.583127418250335,-0.6058530672608538,-11.025446482958117,1.3234167,3.7139235,0.06582938,0.03653368,-0.24381636462396428,0.14622638503148316,-0.09758997959248111,0.6558425694234835,training_run_1
123,-14.841779631542735,-0.9224472386827566,-15.53194632097847,1.4622555,4.1063294,0.039623924,0.0290452,-0.006043023217802895,0.08825265517962444,0.08220963196182154,0.16313903136634098,training_run_1
124,-18.338450901880577,-4.695517564917959,-21.145874553204298,1.284376,3.9402835,0.024110697,0.005199237,3.0438729956538952,-0.019936672608996453,3.023936323044899,-0.021705156803220493,training_run_1
125,-8.076343476401977,-3.904372623007784,-11.445828801300383,1.6546644,4.089717,0.06661823,0.0131891435,3.2821505132857083,3.164590861650305,6.446741374936013,0.009111472320095348,training_run_1
126,-6.508066034564978,-15.817791305654177,-20.811415156341372,1.3836664,4.272281,0.09724929,0.02426797,0.8498603216350298,-0.1405266754969262,0.7093336461381036,-0.024873938525778905,training_run_1
127,-27.195668528886358,-3.6905949808068996,-23.516690617551653,1.5891349,4.134037,0.08123676,0.23269421,1.7407763996195331,-0.03824832362760344,1.7025280759919297,-0.24724155791794966,training_run_1
128,-18.253027324436374,-0.3771706160662995,-18.207633625103384,1.53656,3.667953,0.40494105,0.04919723,0.038370757724872945,-0.04936303130961944,-0.010992273584746498,0.17560601719100224,training_run_1
129,-20.137059928941813,-2.3135260061797664,-22.018947724609678,1.4336536,3.958076,0.0804327,0.009387897,3.7481604244007114,0.36982067478462,4.117981099185331,0.09755466132076274,training_run_1
130,-20.818680986981576,-0.6713605517513304,-21.050590952180816,1.3635778,4.4249253,0.07946155,0.04782539,0.03429149128900756,-0.07830295702437398,-0.04401146573536642,0.19865811972576958,training_run_1
131,-12.212977747222894,-11.800180950460241,-4.899248649223706,1.7420845,3.9563015,0.19889373,0.019589921,1.0888097522083038,-0.10436834243627746,0.9844414097720263,-0.06317314530411089,training_run_1
132,-22.83105244049247,-1.1293626137577066,-22.878525488067226,1.408352,4.183992,0.025781514,0.02786238,0.08242481466799866,-0.11896303407159617,-0.03653821940359751,0.3835005227467554,training_run_1
133,-25.293936144840643,-0.8697853115677516,-25.852347454879297,1.1388106,4.0672684,0.053598117,0.016195273,-0.07973277277357947,-0.04285724798879764,-0.12259002076237711,0.6583404983494162,training_run_1
134,-22.82747598273605,-1.9348572426993365,-21.071808569235046,1.5419445,3.9744377,0.046210058,0.032130186,1.8748951418420847,-0.01723512786282222,1.8576600139792625,-0.18842749357190614,training_run_1
135,-24.592166691574324,-1.8282771752077442,-25.889660881305854,1.3732563,3.7808604,0.055292178,0.021294245,-0.12998312306666132,0.22036215213105875,0.09037902906439742,0.2370019517691982,training_run_1
136,-10.336242438053032,-3.696334859076471,-13.90548652268132,1.248192,3.8860714,0.032516696,0.017015696,2.4517668630478995,0.05874821702563038,2.51051508007353,-0.0701440227934822,training_run_1
137,-3.710636346388061,-3.105430253943141,-4.7749934324990555,1.6148901,3.8277037,0.07226683,0.03255471,2.7632089682712753,-0.024614979655057656,2.7385939886162176,-0.008330777721083038,training_run_1
138,-26.016671890869027,-2.7535798928160515,-28.594321562872686,1.707647,3.503925,0.124358386,0.04379329,3.6065451451873716,0.1455632129688893,3.752108358156261,0.08796511040619626,training_run_1
139,-25.535814748965514,-3.269841944488876,-28.252699986567002,1.3700786,3.6008072,0.026464965,0.028941048,3.6735083512799136,0.14459955015147674,3.8181079014313903,0.057543418260483925,training_run_1
140,-11.855738955716673,-2.22534120381173,-13.83542331215125,1.3425462,4.148753,0.055886067,0.024000859,3.490970303271609,1.1430652258926064,4.6340355291642155,0.053563072775971055,training_run_1
141,-28.646148692421324,-6.243831518303789,-33.675528185000395,1.4356583,3.9208272,0.04917168,0.021231009,3.4555969411575194,1.7294412353490967,5.185038176506616,0.05018007502056898,training_run_1
142,-19.811498271700266,-1.6317767504103595,-20.844391638747393,1.2831069,3.9308574,0.026639093,0.023657262,-0.05398291944532281,0.13608079039823795,0.08209787095291513,0.2946944656926876,training_run_1
143,-25.13825634323823,-0.4167345300800284,-25.226212895431622,1.312101,3.402462,0.013433201,0.015767597,-0.09334633023304773,0.06514504711623549,-0.028201283116812234,0.32228992469761436,training_run_1
144,-16.40276039174085,-7.358773374310041,-10.151981743353096,1.3532708,3.4158654,0.025310017,0.011977616,1.3829298797037382,-0.06932935710303378,1.3136005226007044,-0.04743268677922874,training_run_1
145,-12.692793207659983,-1.2746835225955393,-13.719152187987559,1.3254081,3.3384817,0.019488776,0.030730605,3.4676952682998463,0.315612183970698,3.7833074522705443,0.03532650292252626,training_run_1
146,-13.09426889822193,-3.1574541845617183,-15.4773291950569,1.399652,3.832601,0.03602938,0.057069425,3.110454228714524,0.005128499097029948,3.115582727811554,0.05333122474371654,training_run_1
147,-11.650955115229847,-10.677250617544805,-21.901121627652632,1.4521949,4.517343,0.046262022,0.048951376,1.1300739923095888,-0.09068813803727349,1.0393858542723153,0.03461684197656645,training_run_1
148,-39.49982243517177,-5.771521399124161,-43.82175303655937,1.3766811,3.391646,0.08366452,0.024212928,3.578847988387502,0.37918545957346694,3.958033447960969,0.07541970399995357,training_run_1
149,-25.178746089648648,-6.653391845898334,-29.868393254898596,1.3844523,4.3076653,0.03273441,0.014982605,3.6021369800459904,0.42535179754671804,4.027488777592708,0.06556432322272787,training_run_1
150,-28.300560445564656,-17.661915096682517,-15.781854199214141,1.34138,3.79391,0.09570073,1.1931196,0.3737762096420606,-0.15374887978109644,0.22002732986096415,-0.1278588873217982,training_run_1
151,-31.83706391972854,-6.8492986723061415,-36.76133116475509,1.3337773,3.478863,0.024222242,0.0099893855,3.2110232274894592,-0.004666729751874321,3.206356497737585,0.05096921653030284,training_run_1
152,-31.995753375179053,-15.369242097824396,-34.07657797595638,1.2172797,3.3855221,0.038703762,0.025481641,0.32539800013784975,-0.13961050739948935,0.1857874927383604,-0.05917467129044912,training_run_1
153,-24.734263966061278,-10.68751859090651,-22.292730395799502,1.8051709,3.1237454,0.08040038,0.043622572,0.22130213674689123,-0.09751964066949712,0.12378249607739411,-0.09194874173245521,training_run_1
154,-1.2151369419667755,-3.435031056898538,-4.6325562039292905,1.2218206,2.9066896,0.049946774,0.011898674,2.2555837412833406,0.03339155158165763,2.2889752928649982,-0.015257439128403938,training_run_1
155,-10.195054089877962,-27.804694420464493,-37.41713818585587,1.3279924,2.9501264,0.045315284,0.011518242,3.4783756653706646,-26.85449948736921,-23.376123821998547,0.05086117768295617,training_run_1
156,-18.053405379079315,-29.488678847185803,-47.10178495913203,1.2681077,2.9673848,0.06576057,0.023326896,3.497267179276539,0.20127315104770815,3.698540330324247,0.03134803378611917,training_run_1
157,-27.984446231683535,-4.478198503301429,-32.11523090069172,1.4108098,3.121221,0.3667425,0.01208333,3.4424108239221742,0.07361712112029473,3.516027945042469,0.009221969729128698,training_run_1
158,-27.740674426454962,-15.494728946182065,-33.85568328819314,1.7458899,3.775333,0.042038884,0.00457363,0.42261871788001704,-0.1875946502513745,0.23502406762864253,-0.035823166645315485,training_run_1
159,-1.532325193957139,-3.0222261868753244,-4.345886889545044,1.5176375,3.1863475,0.075158924,0.007632508,2.265223099269609,-0.001634770201343283,2.263588329068266,-0.005727446586534235,training_run_1
160,-46.38248262397121,-5.873150594143766,-52.2291844352388,1.2180884,3.059992,1.2306695,0.008231072,3.8524739382837394,0.00271001457407527,3.8551839528578147,-0.01322101253844421,training_run_1
161,-3.632496739922807,-3.0426084656811465,-3.561101458101681,1.4846427,2.6534076,0.033091087,0.008830584,2.477374138176044,0.042579937472548846,2.519954075648593,0.020434565299327634,training_run_1
162,-25.48880758608696,-9.597942281681874,-35.086749867768866,1.3105029,3.0686646,1.2034551,0.0062994445,3.1805859591408536,-0.04443786238864034,3.1361480967522133,0.03173563911140764,training_run_1
163,-30.313710669115604,-14.07059521984374,-44.33584470844967,1.3207359,2.6548944,0.032143753,0.01473824,3.46101683409058,-0.13629212005049096,3.324724714040089,0.008602726628036184,training_run_1
164,-29.708677519307855,-14.762370892742291,-44.3322001964479,1.6225712,2.846151,0.018924132,0.007475311,3.5353579966880497,-0.13826228817187447,3.3970957085161753,0.012483562522893621,training_run_1
165,-27.403288636898605,-3.77618921980331,-31.152389132513346,1.283386,2.6843846,0.048107576,0.010079323,3.6238074346131115,0.032999409831056425,3.656806844444168,0.008000144210340121,training_run_1
166,-1.758406708125912,-4.719777190796499,-4.699632453822927,1.5873806,3.041006,0.02158346,0.004427097,2.1633768055495617,0.053794430301226104,2.217171235850788,0.010181979984791312,training_run_1
167,-21.548415718392164,-15.469901933923204,-29.025338936767877,1.899974,3.3748453,0.048927758,0.005405774,0.47564355430711447,-0.15500178740066067,0.3206417669064538,-0.03821468249842297,training_run_1
168,-21.370461503342053,-3.803006442235381,-24.75720080303439,1.6147289,3.0242524,0.029342076,0.009900235,3.340012119860943,0.2412699739870776,3.5812820938480208,0.021248872592630086,training_run_1
169,-20.717685450951443,-5.430140261442473,-19.53892881746822,1.638636,2.7058113,0.047880966,0.008903049,2.7924425561795387,-0.00048681700135544403,2.7919557391781833,0.059062760975631345,training_run_1
170,-28.904289755879134,-13.42259515986675,-33.952913834882494,1.374337,2.9826727,0.022243297,0.04232214,0.46867753398322093,-0.13858281153570373,0.3300947224475172,-0.04561448906121551,training_run_1
171,-1.6287028151841776,-4.60146562658613,-3.0987059982931404,1.3935442,2.467978,0.030947812,0.012831808,2.3460937357259812,0.02123427835536562,2.367328014081347,0.014556280023986012,training_run_1
172,-45.33424750669624,-5.332647790214024,-50.62687940504948,1.3916868,2.23307,0.025916686,0.008024731,3.853918584874002,0.03153123166553229,3.885449816539534,-0.00554073906544339,training_run_1
173,-6.057663607638445,-2.1934236055564575,-5.281308197125696,1.3455569,2.5433183,0.041579016,0.022097878,2.9446359440164285,-0.0034704891241035263,2.941165454892325,0.011610292822060053,training_run_1
174,-8.960265809301971,-2.9878797045717764,-10.396681145262267,1.3979958,2.2933166,0.033463914,0.0036201782,3.0409709953667887,0.009921454567740184,3.050892449934529,0.02086431358465779,training_run_1
175,-22.204889681648133,-3.9331652365302463,-22.3901979120642,1.716069,3.1516607,0.03344139,0.02402096,3.0457778244853295,0.052694822038560574,3.09847264652389,-0.0002760995026878099,training_run_1
176,-16.86616295994441,-19.290091287658583,-33.077995180992474,1.3053092,3.0925496,0.037560362,0.009223335,3.742274099669151,-0.28813565154006815,3.4541384481290827,-0.03493525373118089,training_run_1
177,-23.47770947911252,-28.008215694738883,-50.24538615130998,1.2373912,2.2299712,0.12576723,0.018929977,3.724241665825616,0.016836905177868733,3.741078571003485,0.0116118152496818,training_run_1
178,-23.206043752913942,-2.046433398734326,-25.16079683401777,1.4237632,2.4142601,0.020452276,0.007347003,3.588451713259208,0.05264655215283831,3.6410982654120465,-0.028256759379895247,training_run_1
179,-7.902121876418571,-8.03808644240933,-11.0398476624344,1.2990725,2.249749,0.048702855,0.003002404,2.675005417939839,0.07106375892702443,2.7460691768668632,0.026254083018752983,training_run_1
180,-46.349843778648754,-10.646882335211451,-56.96408915012607,1.6819619,2.308009,0.046798572,0.017333813,3.8692495970296976,0.18328060265386714,4.052530199683565,-0.013056169601926904,training_run_1
181,-15.680912337538688,-16.750944101904082,-30.675216886703907,1.269082,2.9673514,0.04659538,0.0027293824,3.7627496793481288,0.06317036319199998,3.8259200425401287,-0.004567055957406918,training_run_1
182,-26.289601216706444,-2.2581651397417164,-28.501991213407496,1.3670802,3.0234368,0.05280775,0.01786235,3.7704313072688858,0.05397969142949499,3.8244109986983807,-0.007571125898544917,training_run_1
183,-17.744731133181645,-5.557326801418943,-20.10946471691197,1.0512035,2.5000746,0.046387546,0.004576508,2.854630415360411,0.03564138241729298,2.890271797777704,0.009361027113840237,training_run_1
184,-18.132184818112663,-1.232425362086222,-19.165115889712492,1.2818071,3.3080866,0.056215927,0.0066670543,3.650612826383928,0.11571675050575747,3.7663295768896856,-0.0073407596164196676,training_run_1
185,-13.289992092663198,-5.29249686221968,-14.262712278393929,1.487252,3.1923265,0.09119508,0.010462947,2.720197212298574,0.04262203032512213,2.762819242623696,0.026616676162729114,training_run_1
186,-19.02647292778414,-8.589551310576754,-18.559017319737393,1.1801682,2.9122531,0.026148554,0.006205025,0.4463799628728974,-0.08610668705411073,0.36027327581878665,-0.05043932630590464,training_run_1
187,-19.00389612922109,-5.1237375928593085,-22.0994314662052,1.4272752,2.2607522,0.053320147,0.08378961,2.987303416033687,0.000502194838469805,2.9878056108721567,0.0034475197069303576,training_run_1
188,-6.264535284467551,-5.633647821074179,-11.76183611941354,1.5772301,3.1646335,0.025487227,0.01189618,0.9394644956142492,-0.05557673374656469,0.8838877618676845,0.02483489457036947,training_run_1
189,-2.388430990046279,-5.1738147884772765,-4.894125224050397,1.2656003,2.5903077,0.012010214,0.006376339,2.328121240070391,0.029676505051869917,2.357797745122261,0.0071452405643746,training_run_1
190,-21.499947719190654,-5.300161576256022,-18.057006501404913,1.2676454,2.5284615,5.4703035,0.004828508,0.5449767045508918,-0.06970792217963223,0.4752687823712595,-0.07232004228798938,training_run_1
191,-16.52886971749999,-6.492641892020452,-13.567529675588549,1.2795292,2.7472963,0.03108569,0.005062793,0.5614429118278643,-0.0379754806727125,0.5234674311551518,-0.07046668379155552,training_run_1
192,-32.09732683288284,-3.1431361653947496,-30.23415763917326,1.318985,2.6855867,0.07818986,0.00581655,0.45402929067832987,-0.02674999186017285,0.427279298818157,-0.05407885426655534,training_run_1
193,-28.76394374289364,-3.361494962163058,-31.950520439491747,1.1607765,2.538937,0.086665995,0.011838639,3.5223401677462225,0.02694728314218331,3.549287450888406,-0.025950931452727755,training_run_1
194,-20.340507250829905,-4.767272380791676,-24.81285121111412,1.5210025,3.014309,1.1336391,0.015472713,3.103463717342515,0.004777872415642204,3.108241589758157,0.002686766975313226,training_run_1
195,-19.819105954751866,-5.544390086608022,-25.245401254303513,1.307282,2.8466277,0.03558384,0.008518103,0.9417912721644158,-0.032389588052422424,0.9094016841119934,0.0701201500925589,training_run_1
196,-4.189395568627319,-5.090148885791557,-6.540550214571473,1.2610972,2.6793115,0.038665634,0.008215038,2.4362377815475744,0.06515795591598428,2.5013957374635587,0.0064375064442505625,training_run_1
197,-27.22877491761,-2.2960600906976913,-29.414623450596384,1.2640996,2.9122672,0.050544854,0.0040916046,3.522959912307155,0.12923727694741816,3.652197189254573,0.041639448039813676,training_run_1
198,-2.9590168095447242,-2.3835837416536316,-5.251063129230614,1.1398795,2.6938615,0.10397754,0.0077079213,2.017484594039378,0.01702480490877134,2.0345093989481495,-0.014397310579640887,training_run_1
199,-27.81059118598997,-3.6994110257303396,-31.49044122403366,1.3768145,2.6760345,0.1042031,0.0118081765,3.51445638107885,0.01994975278272282,3.5344061338615727,0.00978049384332591,training_run_1
200,-40.462376626856006,-25.056408031459977,-65.49289798288548,1.3329554,2.3111696,0.04138672,0.002163987,3.659180829108271,0.026573387515462343,3.6857542166237334,0.001763178351763539,training_run_1
201,-18.459641169252013,-77.74285295841374,-95.50201815569982,1.306629,2.667275,0.038849063,0.018739816,3.4834879230886098,2.8047872272057037,6.2882751502943135,-0.009757953934060648,training_run_1
202,-4.015472341130224,-4.97969537538485,-4.60693998910159,1.1836526,2.5883532,0.06563425,0.013044968,2.613117521869824,0.058560875321476136,2.6716783971913003,0.029977183915984806,training_run_1
203,-4.671899670659906,-5.874109565817687,-6.448023030621717,1.2921093,2.5770733,0.07521312,0.004793736,2.4680415552978325,0.048737444512513495,2.516778999810346,0.017394866348652283,training_run_1
204,-5.0189859638854095,-3.294099845734173,-4.8084661021989845,1.4450036,2.6400108,0.098144844,0.014095724,2.7393093103308046,0.042962526904997134,2.7822718372358017,0.013681409330194239,training_run_1
205,-7.662725221471192,-3.1198575607986854,-10.710392806032297,1.1724415,2.1701593,0.029111004,0.007848804,3.3344680290633297,0.3401495569406312,3.674617586003961,-0.01008489436521387,training_run_1
206,-13.23352196735966,-7.7690645705545816,-20.629650398216672,1.3076743,2.2876468,0.15958455,0.0039360863,3.277349935332273,-0.059684612965806405,3.2176653223664666,-0.005732561772124889,training_run_1
207,-20.89485996730013,-9.31921281591659,-29.310407568586932,1.5060499,2.914176,0.12228455,0.019284297,3.340884163398101,-0.06864825226722449,3.2722359111308763,0.007173057167000341,training_run_1
208,-34.399851148334825,-4.215196517300221,-38.592361078268574,1.3590298,2.1951785,0.10810462,0.0038459986,3.7514221468072675,0.015480856742176474,3.766903003549444,0.01134329368323872,training_run_1
209,-4.503461958627093,-3.340351445142842,-2.207290213669942,1.0629097,2.163744,0.5674811,0.0019461269,2.655445874529201,0.025988348984594012,2.681434223513795,0.02817653125649411,training_run_1
210,-25.601809123919985,-3.049487825581177,-28.622193378314833,1.4252667,2.1457913,0.103942364,0.0037166437,3.7308789885181097,0.5451476511794437,4.2760266396975535,0.00597581238182876,training_run_1
211,-15.549566587342257,-3.5084306334453643,-18.85261464243684,1.3549834,2.511854,0.09728359,0.021488875,1.0815189162936485,-0.021677822447683903,1.0598410938459646,0.12416993620693484,training_run_1
212,-8.167045759798082,-4.120656274150917,-6.55552323128072,1.2098763,2.5729318,0.019366829,0.017508306,2.3597506505535395,0.01539290712107233,2.375143557674612,0.03214973691373135,training_run_1
213,-10.757106513904702,-3.8262776868878516,-13.70771342824693,1.2307873,2.483091,0.1424546,0.002996183,3.1189896948815243,-0.016392414932888677,3.1025972799486357,-0.002240685557666655,training_run_1
214,-2.516606464685243,-5.253767146933875,-3.813631507659122,1.1146206,1.8288121,0.049335524,0.0034452532,2.2486550701663646,0.048910226850833904,2.2975652970171985,0.018320097655748935,training_run_1
215,-20.29745606955285,-1.3839397264181552,-21.556795155172523,1.2097135,2.290327,0.09838304,0.003252227,3.7053184016028355,0.19150630031426807,3.8968247019171036,0.004409109580499226,training_run_1
216,-1.789020505201409,-3.7964516654991742,-2.996447337175678,1.2950914,1.8181591,0.075951844,0.003801416,2.2343085240139056,0.03004852196083574,2.2643570459747413,0.017242270934825665,training_run_1
217,-9.397758983555354,-3.00514514942469,-10.604059919622117,1.3202431,2.264237,0.07032071,0.004418072,2.858266994326919,0.010281212395632622,2.8685482067225516,0.003117263701222228,training_run_1
218,-23.014723399285657,-4.930342241440236,-27.87710532651975,1.4086385,2.429924,0.102059364,0.003580594,3.7880757419110886,0.13686895858106185,3.9249447004921505,0.020742508531672588,training_run_1
219,-22.897464174518383,-23.335888832455684,-46.17789910321674,1.2176499,2.3916388,0.08241923,0.0039548674,3.7067608416994426,0.3553771990062087,4.062138040705651,0.013891914163363328,training_run_1
220,-2.728471091024867,-3.8171159698119794,-1.8051496018812192,1.3640193,2.0271366,0.18461832,0.0064737587,2.166497701625386,0.04190037907302502,2.208398080698411,0.025823932016074025,training_run_1
221,-21.827864366645684,-6.426423435680076,-28.254287802325777,1.2074949,1.9732199,0.070929386,0.008900697,3.5760550092407946,-4.034137987605254,-0.4580829783644593,0.003956228414530472,training_run_1
222,-3.622304248664299,-5.648836829412854,-3.234192643631396,1.2709097,2.3467598,0.06417974,0.007284977,2.348280909100119,0.025872849592843306,2.3741537586929624,0.030657517503327902,training_run_1
223,-4.96664487516962,-3.769375132479293,-7.962418050996179,1.401862,2.108165,0.16124181,0.0070981644,2.9950323392555727,0.03538992343857483,3.0304222626941475,0.00428520192330506,training_run_1
224,-1.3308143204901555,-2.523652686597287,-2.796504218002977,1.115755,2.1865373,0.08343032,0.0029312833,1.9970090871100505,0.020303002089112177,2.0173120891991627,0.004758058750598426,training_run_1
225,-4.640841869106098,-6.153216924404569,-2.781275860809038,1.3391366,2.1064017,0.031927742,0.02933516,2.2419163114438305,0.052029093883041444,2.293945405326872,0.048560342957166824,training_run_1
226,-15.491361131322657,-3.5057450533707244,-14.402642713214737,1.2328888,2.5040424,0.024404118,0.020504903,0.6349614111365394,-0.03613276321809622,0.5988286479184431,-0.03799309472957124,training_run_1
227,-19.903713666764908,-0.40586273196378847,-19.60057283536346,1.4692858,2.1754582,0.04659776,0.012348355,-0.0022724934150827603,0.04526179519525385,0.04298930178017109,0.21585024047715431,training_run_1
228,-19.07176295275635,-0.5801554752214177,-18.897308288573218,1.3866813,2.780692,0.05325158,0.019922642,-0.2112290659758822,0.1474578018914248,-0.06377126408445741,0.46994966848030806,training_run_1
229,-9.335027260139679,-6.2706196028291865,-7.325623554459245,1.3073906,1.9576766,0.20922837,0.016635189,2.6228451127943484,0.050649181697782986,2.6734942944921314,0.018750971556533713,training_run_1
230,-17.21713242109261,-2.296612262629998,-19.487052440158617,1.0640411,1.9718727,0.019843657,0.003057925,3.5024192497410027,0.05782910030947619,3.560248350050479,0.006080205535038186,training_run_1
231,-4.778068843004357,-4.4649071473318,-2.8230012598667122,1.3525684,2.176148,0.1487219,0.0025819591,2.109369498598162,0.06480836377886856,2.1741778623770305,0.03700174787963739,training_run_1
232,-12.644171486145645,-2.4159039184902507,-15.05384031300697,1.3076241,1.8766155,0.07895015,0.0015010606,3.5986168715323434,0.08758623908758922,3.6862031106199327,-0.006879496050813838,training_run_1
233,-22.967347624518645,-6.663014568229187,-29.334268499601066,1.113386,2.5838797,0.045752272,0.017146733,3.5571862355050365,0.41435029412128843,3.971536529626325,-0.023073768324497035,training_run_1
234,-36.12356284539756,-0.5531797708024194,-35.70062727413085,1.1039565,2.040371,0.11767289,0.018049248,-0.04410499458098917,0.07315204090814434,0.02904704632715517,0.31646601972159494,training_run_1
235,-6.819673700894165,-1.4905970309921068,-7.133256956210255,1.0978631,2.2119296,0.0356351,0.0033468995,1.682928210923666,-0.016116860235870778,1.6668113506877953,-0.03381644589604549,training_run_1
236,-11.82160797983238,-1.2047829413293054,-11.799277403477229,1.2924681,2.423412,0.032641698,0.0040075555,0.8037968515734937,-0.005802971277847568,0.7979938802956461,0.005248238832111118,training_run_1
237,-10.311712061437943,-0.9189614579533779,-10.561829395679137,1.324456,2.4240081,0.06133766,0.0052031972,0.8235187136280339,0.00513479035658182,0.8286535039846157,-0.005661104045625032,training_run_1
238,-26.31232075059386,-3.564080472172059,-29.859718163656076,1.4456865,2.3062959,0.06686094,0.006885967,3.5513226585513067,0.035575766045720325,3.586898424597027,0.008341529554919624,training_run_1
239,-13.070133809023222,-7.421951585647916,-13.748204502411422,1.0938128,2.2915905,0.075475045,0.0051299334,2.6660919079494105,0.04650898380384261,2.712600891753253,0.03313977518491784,training_run_1
240,-17.705251133179424,-5.469740529633502,-21.975832818399745,1.0989816,2.0604699,0.023603098,0.09669503,3.147976409729334,-0.0685796275441728,3.079396782185161,-0.0061980565490724615,training_run_1
241,-9.386518436325193,-5.658157376452999,-14.91736721987808,1.224739,1.7283444,0.043507434,0.0032834723,3.2631041118270505,-3.4067770540791202,-0.14367294225206972,0.000963869602863987,training_run_1
242,-8.559553271341873,-5.999769069334253,-8.448628304592571,1.3015738,2.1728137,0.08489351,0.0053180447,2.6886838376316993,0.02144507143136032,2.7101289090630596,0.040148843397624034,training_run_1
243,-38.38853379431976,-0.8327732405946386,-38.62244895020272,1.2787056,2.1701384,0.0814495,0.0037866377,-0.1648022594466689,0.15429936259698332,-0.010502896849685583,0.359461922872787,training_run_1
244,-33.60445629334111,-3.4854253201183125,-36.565634896724596,1.0873309,2.196938,0.024699207,0.0031553335,3.7785074628191517,0.1285632632043825,3.9070707260235342,0.0036497480675650174,training_run_1
245,-6.718252547748075,-2.4675112145634346,-5.829365666466756,1.1712574,2.1359649,0.12918775,0.001847578,2.8404196577917618,0.017224771870237632,2.8576444296619994,0.014024067536946738,training_run_1
246,-10.933074594680537,-5.02415438912104,-9.787051319528707,1.0218569,3.091342,0.05128377,0.0046707387,2.6030523328537596,0.0386162799175791,2.6416686127713387,0.031986528305701256,training_run_1
247,-11.883495173917618,-6.482520377262281,-17.604113080468796,1.1411583,2.3680508,0.02800795,0.002232471,3.235557968438733,-0.06810000917490155,3.1674579592638312,0.010075807650097968,training_run_1
248,-23.87492691228578,-8.651287590887247,-32.447319210060535,1.059848,2.3883595,0.10624064,0.005696928,3.4583513063139537,0.035245940935649145,3.493597247249603,0.004815531115905269,training_run_1
249,-9.101134890909274,-6.045715384843668,-5.413357062346292,1.2010281,2.2638807,0.05599124,0.0035555982,2.2087584560338582,0.048986294447979084,2.2577447504818373,0.04753547157392468,training_run_1
250,-190.7744194021517,-7.754765956020262,-198.41821574420493,0,0,0,0,1.4545650139321589,0.15227956161040956,1.6068445755425684,-1.2594719220225539,training_run_2
251,-137.15043256001195,-14.238550742929663,-151.35672765870098,0,0,0,0,1.3599148704440027,0.2791354235376595,1.6390502939816622,-0.9857897100938599,training_run_2
252,-156.22150526405076,-39.69311831804088,-172.21962208926007,0.15934195,2.3267539,0.006085439,0.10120713,4.142028477804082,-1.9194617437920303,2.222566734012052,-0.6136651235942097,training_run_2
253,-83.23604940237362,-29.627687975198224,-53.60836142717539,0.27245826,2.7126622,0.0017250841,0.08301148,4.01535780969341,-1.8958817305661313,2.1194760791272786,-3.531132255059009,training_run_2
254,-78.39861602460284,-18.663480662323536,-59.73513536227931,0.32026547,3.1590176,0.0017452672,0.059144203,4.0787401899433124,-1.5787586010258683,2.499981588917444,-3.854394952187179,training_run_2
255,-32.77709894899748,-24.16395265688404,-10.394745576682983,0.33591843,3.4566278,0.0035516927,0.035892773,4.369196594501867,-1.7300579596817984,2.6391386348200685,-2.4265981108214083,training_run_2
256,-18.978090762834707,-19.547508145577858,-21.846144587708665,0.44926563,3.7125003,0.0067885867,0.06564973,4.089414726201899,-1.305813500221554,2.783601225980345,-1.2475279105130874,training_run_2
257,-14.486672401763993,-9.641399427888443,-21.35172907102949,0.4512957,3.9620922,0.0112751415,0.10771304,4.225880375263284,-1.0643190222229464,3.1615613530403373,-0.675473222981581,training_run_2
258,-24.60297280521931,-12.128540148432434,-34.06037161015976,0.5699429,4.097474,0.013455729,0.16234995,5.120921650311768,-1.969030183208258,3.15189146710351,-1.2407324376639441,training_run_2
259,-22.046052512181728,-7.263853274561798,-28.476697894343484,0.5726304,4.241445,0.017924739,0.07396364,4.229483576555161,-0.8567584655863669,3.372725110968794,-0.3692768256933725,training_run_2
260,-28.38432528245225,-10.71694576176191,-38.20921837109078,0.57064915,4.4115424,0.011712914,0.1641322,4.014290317648792,-0.842292970714769,3.1719973469340226,-0.30826209658151527,training_run_2
261,-75.8775132546155,-4.892432494344227,-70.98508076027126,0.77320117,4.8132706,0.018864438,0.15303831,4.106168355455635,-0.4440693004313858,3.662099055024249,-3.785883763346731,training_run_2
262,-18.12205162319972,-7.133085797219913,-23.071709235967624,0.68741137,5.0490627,0.007694276,0.24992174,4.20602621161711,-0.8252488982491637,3.3807773133679464,-0.5936520393862197,training_run_2
263,-28.027695452345473,-10.613522090779108,-37.53327603552478,0.70267314,5.2875156,0.011846116,0.2924166,4.081864097561699,-0.760388982524169,3.3214751150375297,-0.3736846151780653,training_run_2
264,-13.189550743765414,-2.4710603909075495,-14.456477828369362,0.84186393,5.4933333,0.014099415,0.32480264,4.053971292893098,-0.4189903789363285,3.6349809139567695,-0.3781172187475583,training_run_2
265,-39.67476812683812,-14.807969429020439,-24.866798697817675,0.95248556,5.791929,0.01234033,0.28710943,4.315189453137064,-1.0133513056380186,3.3018381474990455,-2.5756410311253415,training_run_2
266,-13.961806116357055,-3.171527729783861,-17.080899680090305,1.0216678,6.1083703,0.0036180734,0.36829573,3.722194285268063,1.2048931300055767,4.92708741527364,-0.04301891162763738,training_run_2
267,-35.94922648534668,-15.982562883155145,-48.96027707060609,1.0616084,6.337264,0.009534345,0.13924068,4.295703963119625,-0.9433462363162324,3.352357726803393,-0.7418592657572378,training_run_2
268,-42.17379590241209,-0.9334375359138427,-41.64668414514225,1.1002264,6.367008,0.006244162,0.21746369,3.3786271443426994,0.19118925014888832,3.5698163944915877,-2.92553676366495,training_run_2
269,-24.23461132150355,-4.383038699424061,-28.27166030757948,1.2600687,6.616173,0.0057211407,0.6462308,4.278014269867297,0.3919445291554098,4.669958799022707,-0.5158241235647125,training_run_2
270,-46.37477517420183,-3.2956224865139534,-43.092169811591106,1.1802676,6.893733,0.0033180122,0.2921226,3.584642721842897,0.006508561951620528,3.5911512837945176,-2.511297904293342,training_run_2
271,-29.57165229510378,-8.510261780022327,-36.703096265744435,1.2093267,6.9860168,0.0053682616,0.4215417,4.2971863125830705,-0.8278393273051958,3.4693469852778747,-0.5287981123308034,training_run_2
272,-79.7500894942315,-12.733564813017265,-67.01652468121426,1.3629409,7.92272,0.005479241,0.84525555,4.13192406667835,-0.7284723493254877,3.403451717352862,-3.4406102317309912,training_run_2
273,-39.32830926348569,-2.936425536384325,-36.394841056232394,1.2339481,7.476815,0.0063206265,0.6851965,3.1469712954047844,0.0014786645655169295,3.1484499599703013,-2.393950807999405,training_run_2
274,-12.024112972141102,-4.839883207110133,-7.5896670630830325,1.4463172,7.634529,0.011883034,0.45250306,6.5345684707887415,-2.92880289066147,3.6057655801272714,-3.6149565655265428,training_run_2
275,-32.83168087455525,-10.517471056740888,-41.605420995662044,1.436112,7.8385525,0.017538466,0.79903024,4.282238577844229,-0.8380302977393814,3.4442082801048475,-0.5810895758584635,training_run_2
276,-21.73031151897339,-6.889410040011436,-24.383741879973314,1.580371,7.708974,0.026499998,0.9692956,4.299159622269765,-0.47109098501361446,3.8280686372561505,-1.2589690558573117,training_run_2
277,-12.546444660347944,-9.528009912327688,-12.94537764111904,1.527116,8.774145,0.015036533,2.1025095,4.019355147527213,-2.3892109738567395,1.6301441736704734,-1.2643395185120374,training_run_2
278,-11.921531182278102,-4.052754818317754,-11.658354410025346,1.5512786,8.040415,0.009708919,0.6286057,4.110476943774535,-0.08530190711332519,4.02517503666121,-0.9455554693817612,training_run_2
279,-35.80059629525132,-12.404463882228328,-44.321387050308516,1.6372613,8.791613,0.03340812,0.63216406,4.8663525369433245,-1.3259332693958652,3.5404192675474593,-1.2653785389315133,training_run_2
280,-61.14414581586334,-10.703059285117678,-50.44108653074564,1.7111778,8.362372,0.03148,1.0134163,4.076393649976322,-0.41280954714638796,3.663584102829934,-2.9457676781108546,training_run_2
281,-13.617552226811652,-15.111743440811095,-28.014430938174122,1.762506,8.981417,0.020142782,1.3738796,3.7704356517555477,-14.713833060535123,-10.943397408779575,-0.1484943523410629,training_run_2
282,-62.96886858888256,-8.227610506554134,-54.74125808232841,1.8276063,8.892292,0.07456397,0.47977984,3.8347550897779237,-0.08720056141725374,3.74755452836067,-2.7949049758489335,training_run_2
283,-15.14123992489668,-1.9994308072483888,-16.143552279017698,1.8341829,9.743077,0.09778799,0.35431665,3.854298469336569,0.26573530674595736,4.1200337760825265,-0.3087720172786761,training_run_2
284,-39.078777263551615,-10.595334225048573,-45.582596179578374,1.8450034,9.284661,0.01892515,0.2603717,5.609122689370491,-1.607993432739283,4.0011292566312076,-1.9229158505800656,training_run_2
285,-84.81522417371777,-8.29333786640494,-76.52188630731281,1.8701124,9.271124,0.037980646,0.08792774,4.144599416655974,-0.8325452425404434,3.3120541741155307,-3.8703857544008065,training_run_2
286,-87.97343447207433,-8.71240186441676,-79.26103260765755,1.885686,10.533273,0.7075466,1.360067,4.188358899041236,-1.532114034899121,2.6562448641421152,-3.8957002779784133,training_run_2
287,-72.67242402574776,-3.393835574979024,-69.29972636812522,1.8173587,10.649685,0.03025602,0.16818282,3.6475619332910765,0.01056895867823826,3.6581308919693147,-3.544086916810316,training_run_2
288,-26.902151866967394,-6.77322247726822,-26.17591598732777,1.8533506,10.380311,0.029590668,0.58524036,7.411857133293964,-3.6809480193821043,3.7309091139118595,-3.5850767114973103,training_run_2
289,-12.099789371433861,-4.837071127901324,-12.294316173451492,1.8297212,10.293664,0.023253087,2.505339,3.6660022332917195,-0.1207847153122037,3.545217517979516,-0.766030704190642,training_run_2
290,-26.80388163442904,-10.405856855168,-31.748939838407374,1.9011033,11.73916,0.028474903,0.065695256,4.4444680816745805,-1.0462287876661795,3.398239294008401,-1.1867601827198637,training_run_2
291,-94.17078513113101,-10.125407199535212,-84.04537793159575,1.9901072,11.080638,0.6855434,0.63547635,4.1020037921358234,-0.569384844476009,3.5326189476598144,-3.9043592515518912,training_run_2
292,-69.2380348235265,-1.8335155479968015,-67.86801354254033,1.8746603,11.104101,0.021289233,1.9230335,3.710774266612135,0.23174713350530718,3.942521400117442,-3.6052744912206047,training_run_2
293,-66.81411530704867,-4.893152756798893,-61.92096255024976,1.8922757,11.680387,0.022363445,0.10544705,3.560169908212433,-0.1326751613111945,3.4274947469012385,-3.1592699834011047,training_run_2
294,-22.972900277843276,-3.2061491083818203,-26.175006432913424,2.0843651,12.603276,0.028643448,1.5807681,3.332379587916042,1.708385682697981,5.040765270614023,-1.609661351095006,training_run_2
295,-23.961173368584046,-2.6924224072773466,-25.541393625384064,1.9066972,11.339102,0.03797306,0.5162069,4.264842088585846,-0.6333821800678305,3.6314599085180155,-0.45147077640559985,training_run_2
296,-38.9644134772468,-10.10325557744821,-47.37901497373269,2.1446698,12.024732,0.09907341,1.0429721,4.134154629226605,-0.7449101643974045,3.3892444648292,-0.49216976658774403,training_run_2
297,-61.07987008115017,-6.048261038644156,-55.03160904250601,2.147351,12.098021,0.01843461,1.1556679,4.638094357891824,-0.8058822021552006,3.8322121557366238,-3.5483033347352477,training_run_2
298,-8.867289964279458,-3.0672414088523037,-8.516007135440589,2.0316937,11.713589,0.03732243,0.540233,4.048389232659486,-0.6739295943757786,3.374459638283707,-1.1001065751284145,training_run_2
299,-9.375277942682361,-1.4722642178942191,-10.822401601091158,2.1006153,12.242905,0.084939994,0.096391566,3.4777152917083147,0.6088301433097603,4.086545435018075,-0.1405114523288291,training_run_2
300,-99.29341990795746,-11.476388906001898,-87.81703100195558,2.2500825,12.106098,0.028105237,0.5594512,4.1437495991503015,-0.7189982485229942,3.4247513506273073,-4.039428684598261,training_run_2
301,-30.16289156375172,-4.522254290484319,-33.78732965951527,2.1053302,13.281401,0.03780917,0.15550597,4.245606291394136,-0.49783831521391786,3.747767976180218,-0.38985784184246164,training_run_2
302,-32.78623543071952,-6.00134743861431,-37.34597420025089,2.0470383,12.767899,0.6817198,1.6397041,4.297222878997284,-0.6397752661359934,3.657447612861291,-0.5384502926293995,training_run_2
303,-66.83824665927695,-1.1546032411517886,-66.91327257344376,2.2445154,12.934063,0.75601894,0.39503297,4.0272969386819,-0.32184842019686766,3.7054485184850323,-3.7862030428259694,training_run_2
304,-9.6519485910023,-4.631871298862286,-12.668805964073034,2.0832484,13.422232,0.03608374,0.82898766,2.925278672537055,1.709042173313259,4.634320845850314,-0.4334001851036633,training_run_2
305,-28.052740740837436,-3.810241075089471,-31.217218199393265,2.3322449,12.57975,0.02165436,0.69810605,3.9459710039116707,0.1503691322753773,4.096340136187048,-0.38278733488245864,training_run_2
306,-66.55477642272645,-2.2905374026738468,-68.16301529678876,2.2337372,12.932861,0.02038854,2.0822515,3.6181213631104887,0.393371795977016,4.011493159087505,-3.3702600601737633,training_run_2
307,-86.2233546831803,-15.189608542049989,-71.2413322331512,2.2424247,13.291994,0.029790942,3.6678185,4.730676282531732,-3.811117378768332,0.9195589037634001,-4.516122906035356,training_run_2
308,-52.79418366504814,-9.592688131789902,-54.01765281859055,2.1828198,13.63189,0.026930057,0.57416344,7.976675516273573,-4.110812764916739,3.865862751356834,-4.0840126204786324,training_run_2
309,-45.596004482159685,-1.283735035257627,-46.680729040055645,2.2259035,13.578401,1.1693407,0.89884216,3.3949211322150576,0.24123110732025488,3.6361522395353125,-3.0078602667923118,training_run_2
310,-101.43635428854168,-11.32700145663982,-90.10935283190187,2.2876878,14.363081,0.031565018,0.88980496,4.738566954584771,-1.2447798004475747,3.493787154137196,-4.568385808626592,training_run_2
311,-31.620942347018946,-4.299290164338687,-32.421667600239125,2.2030742,15.642744,1.055781,0.45984632,4.095237190708129,-1.4708604354003731,2.624376755307756,-0.503166470231418,training_run_2
312,-47.58845942359423,-27.0709394448453,-74.61802061854559,2.3215036,14.924313,0.03011061,0.78086716,0.471295028038688,-0.3532946454475354,0.11800038259115259,0.525147568327123,training_run_2
313,-14.070183848706762,-2.41262742231142,-15.913827546358155,2.2779093,14.509515,0.0584054,0.51155317,3.5524922655025577,1.621803355211151,5.174295620713709,-0.4075265354459834,training_run_2
314,-47.441805871916095,-24.899880010153694,-37.74946141120959,2.3485572,14.281393,0.036824442,0.5379703,0.03950239147855565,-0.04652378478332142,-0.007021393304765769,1.5432292633083724,training_run_2
315,-20.969135283055344,-16.42830863866649,-26.132055391002925,2.4034214,14.353702,0.038991254,0.3902982,-0.2808593470357382,0.9961618882991544,0.7153025412634162,1.1810016088753938,training_run_2
316,-22.33468020289729,-1.6347399692156288,-23.320126063325276,2.1446395,14.284158,0.023958802,0.75038564,4.114379000496223,-0.27804262153474557,3.8363363789614775,-0.2504651601443135,training_run_2
317,-25.089422823404526,-10.44783617856746,-33.635386037906876,2.3958151,12.695886,0.051460195,0.90399677,-0.03355675481379307,0.5983870655851454,0.5648303107713524,0.42566849985426103,training_run_2
318,-21.26097747233389,-19.196039528813333,-21.1527283232966,2.3580709,12.808555,0.09910706,1.0459857,-0.8123260210556561,1.5639559610964802,0.7516299400408242,2.039296514694268,training_run_2
319,-140.9759134485975,-17.36997136260099,-134.63065545848335,2.3657527,13.307817,0.03924477,1.0945176,0.7857923402693026,0.1132915171440656,0.8990838574133682,1.0044581735514637,training_run_2
320,-4.677074263220657,-4.034955452795865,-7.479169813359874,2.2322898,12.764864,0.040646017,1.8554432,3.0108464276659057,0.7686557315079465,3.7795021591738522,0.03809016841007162,training_run_2
321,-15.470744870491442,-1.9273222761836046,-14.343009982330992,2.211274,12.9330225,0.025362058,1.102308,3.158802143624438,0.5807251952283905,3.7395273388528283,0.28253377901371435,training_run_2
322,-9.480793096418543,-7.167661130152582,-5.273174860244862,2.4497974,13.047648,0.0704185,2.112142,-0.09836600816061647,0.7226213182961017,0.6242553101354852,1.203405795549422,training_run_2
323,-12.332371431567962,-1.3360844385538289,-11.664884247201888,2.1754262,12.823179,0.08401402,0.8057769,3.52609689375597,0.22689927157867817,3.752996165334648,0.0034228178529667197,training_run_2
324,-24.354890916792264,-16.1920312046877,-32.93384781630115,2.334805,11.450842,0.4659332,1.8665481,-0.06267561701271958,0.821288225743975,0.7586126087312554,0.8223484762265522,training_run_2
325,-74.3757435023802,-44.459860321632505,-49.86514218248983,2.2362618,12.2185,0.105052605,0.8401195,0.5306067127959557,0.01259325848237558,0.5431999712783313,0.4627157920212355,training_run_2
326,-16.23140190462741,-6.054034281285363,-20.337468516065183,2.4178061,12.463937,0.61328644,0.14741078,-0.07666535505505538,0.5821960647248283,0.505530709669773,0.43662672081620685,training_run_2
327,-15.058966864913351,-1.0068802846342724,-14.345786107682766,2.4660006,12.597041,0.060530663,0.060354896,3.454441337444017,0.21495417371909475,3.6693955111631116,0.07029241470392034,training_run_2
328,-16.54786654349757,-4.745376568159571,-16.211260440560974,2.334046,12.098009,0.13596186,1.1202643,3.51375949759418,2.079270842831004,5.593030340425184,0.09941471193331974,training_run_2
329,-9.44585633192059,-56.47105208531688,-47.069098880064,2.598826,12.047911,0.05632256,1.1473885,2.1161672075746933,0.39442156409005724,2.5105887716647506,0.1366202562024008,training_run_2
330,-35.69429369211058,-9.620923476265773,-44.76897200893627,2.3782196,11.322805,0.036377195,1.5200642,-0.11275259319117693,0.533420157289052,0.4206675640978751,0.22212909489668053,training_run_2
331,-36.51366688599566,-1.1146689937093266,-37.35611048630513,2.5809846,11.518264,0.103177026,0.7821168,3.8554513628894425,0.12340445243723064,3.978855815326673,-0.02317161505046883,training_run_2
332,-33.57723490005364,-1.1711076555980502,-33.75749274546664,2.5640264,11.467056,0.07392459,0.32323098,3.917333461979511,0.0877092396459993,4.00504270162551,-0.02591395941938135,training_run_2
333,-18.712646363299218,-0.8161266107965996,-19.460420498095196,2.6105125,11.040955,0.13229054,0.091028,3.6907072238352607,0.29814211136668023,3.988849335201941,0.006663711941484518,training_run_2
334,-35.55005796029515,-6.340164425963981,-41.66405879070343,2.5837107,11.099299,0.5276555,0.72249883,3.8504146183566066,0.16768793728194353,4.01810255563855,0.0014882053569866827,training_run_2
335,-15.990077983535025,-27.50338293831011,-12.907471588178058,2.608408,9.612689,0.06428368,0.84456044,1.8913150385170798,0.2579435719616292,2.149258610478709,0.14304117999253796,training_run_2
336,-27.528354618545034,-7.5900094489163825,-34.462366494220035,2.5563974,10.326181,0.06594697,0.192581,-0.034627822624176616,0.46123048406654676,0.42660266144237013,0.2190788875479619,training_run_2
337,-6.960819500641787,-13.694152288805212,-20.097759014546604,2.5726354,10.60359,0.10344638,0.09942347,3.0025896469231044,0.8623415065088711,3.8649311534319755,-0.12239280589345558,training_run_2
338,-29.146405135431074,-9.392324826398267,-37.879658338027355,2.6507719,9.664129,0.04465323,0.20319289,-0.15021148663052936,0.6507785166417996,0.5005670300112702,0.2594583102152481,training_run_2
339,-20.066987124527067,-12.732087015024643,-31.162396761331948,2.5765924,10.104371,0.079059,0.09322639,0.697245824313682,-0.10640844602906141,0.5908373782846206,0.08647870006836156,training_run_2
340,-28.22122965584935,-12.877661698595324,-39.7372510894092,2.4555547,10.347366,0.063923225,0.054060027,0.6657974077094952,-0.017746606270064302,0.648050801439431,0.07227850175014572,training_run_2
341,-4.701029964684809,-14.091713586100157,-9.450393757158947,2.7156327,9.803285,0.03268372,1.1264868,1.571473139577354,0.10534990793692112,1.6768230475142751,0.06487427411616276,training_run_2
342,-20.100466815500997,-34.839587821245345,-16.499823052936595,2.8359926,9.247638,0.057157584,0.3424681,2.089252598715669,0.34104575949005156,2.4302983582057207,0.17145051064800398,training_run_2
343,-15.710987857991247,-30.319394589117806,-14.608406731126573,2.9532056,9.43164,0.091938764,0.14567302,2.0223370155306304,0.2463773051144007,2.268714320645031,0.12305593507205792,training_run_2
344,-7.752048448454717,-39.16223968985257,-40.806485214345805,2.839271,8.366889,0.1183467,0.16555017,2.3523464859264416,0.381548395011281,2.7338948809377226,0.1305682877604064,training_run_2
345,-17.49374771693272,-8.406304901593515,-25.341929286583753,2.8693771,8.653954,0.045848116,1.0159477,-0.11157925604121299,0.6863682826131433,0.5747890265719303,0.2187650711616984,training_run_2
346,-25.261122624867326,-2.494035836636174,-27.397693072401395,2.9719822,8.639952,0.03550275,1.1252916,3.628256980202317,0.1919668331233204,3.8202238133256374,-0.08746006129049233,training_run_2
347,-28.94895775230495,-11.151382508908027,-39.00486829346344,2.7174551,9.2425375,0.0698115,0.29590532,-0.050942058852959854,0.648327427383881,0.5973853685309212,0.26147965624114566,training_run_2
348,-10.129846070408526,-3.806025919354964,-13.294906956504484,2.9938312,8.526155,0.025171379,0.10501981,3.3544618551600918,0.5041356326857023,3.858597487845794,-0.17811673384935212,training_run_2
349,-43.990290286889255,-25.821703980288625,-38.44528389637517,2.788088,8.225296,0.038130976,0.094990835,0.0711813968774188,0.11299534205802415,0.18417673893544295,0.27855047162718777,training_run_2
350,-31.906318320579967,-66.14197467602713,-89.42276856615445,2.8494582,8.060401,0.45458508,0.29098,3.773473048033546,0.059916282166025514,3.8333893301995716,-0.0729564122545936,training_run_2
351,-31.807735969916095,-12.28020491589723,-42.8817269798827,2.9360576,8.298016,0.29469252,0.12896389,-0.03000816460943183,0.5892587301379354,0.5592505655285036,0.26330583716669537,training_run_2
352,-36.03299833978903,-1.740376076138378,-37.307826180681246,2.7671447,8.164896,0.029300017,0.04701515,3.5866941467818414,0.6941117902057821,4.2808059369876235,-0.019147843126615438,training_run_2
353,-15.081872079658282,-32.87208478435245,-29.508056852566416,2.9671865,8.390156,0.14287777,0.11562585,2.5025249885105687,0.3477195468393601,2.850244535349929,0.07294779900378057,training_run_2
354,-2.6473884229405904,-17.866933128068013,-15.396897279258813,2.8072054,7.8910136,0.22584893,0.3157523,1.9109551025560192,0.18033315741289657,2.0912882599689158,0.027114588786697702,training_run_2
355,-45.75071494597888,-6.9282900223756805,-51.471571831705425,3.086669,8.158395,0.14324325,1.005597,3.974959197818899,-0.12771875762203422,3.847240440196865,-0.162772932439041,training_run_2
356,-8.221165709148242,-24.407833613018024,-16.18666790386978,3.0221686,7.4081984,0.12142337,0.04627942,2.2163182450731242,0.22372038766748048,2.4400386327406047,0.0715485585525153,training_run_2
357,-15.46292140936229,-1.1126093540868665,-16.221452984403935,3.0950465,8.210719,0.18533713,0.08878723,3.8424105842130647,0.21605111317846504,4.05846169739153,-0.12700042607833062,training_run_2
358,-38.711246765300594,-15.254798147231687,-52.502773657208955,3.1582081,7.65493,0.4275443,0.07931647,-0.008901277662661963,0.29535144679345193,0.28645016913078997,0.18404961942926548,training_run_2
359,-58.144445110323524,-19.54676848975178,-63.19542993043343,3.09694,6.9228544,0.0686198,0.47760278,0.0713619032290292,-0.00492138616406905,0.06644051706496015,0.38615020391362403,training_run_2
360,-14.141396391589762,-8.539032428725765,-20.896346761750994,2.9306798,7.7526803,0.9863542,0.8049109,-0.04372918391968245,0.47074703538002705,0.4270178514603446,0.28688464780913675,training_run_2
361,-47.021247182017206,-7.794521632471077,-50.441566614407954,3.1359193,7.5672865,0.114302546,0.06278904,4.388515772772494,-3.244917904641569,1.143597868130925,-0.49707378380084677,training_run_2
362,-28.4228257013626,-9.45080524737982,-37.15175609280572,3.229099,7.12422,0.07406044,0.042351283,-0.03192617174305251,0.5364495950783661,0.5045234233353135,0.18939641479444877,training_run_2
363,-31.140026616825164,-10.040637328958814,-39.85538831364472,3.0384154,7.5519667,1.1351203,0.07943404,3.6428012858388166,-9.368373786188677,-5.725572500349861,-0.032193115984223475,training_run_2
364,-24.405308894072757,-1.5823566351572826,-25.69221726257883,3.0291681,7.940041,0.24480546,0.69873184,4.031502510954315,-0.2323314370636087,3.7991710738907063,-0.14772413332560896,training_run_2
365,-21.62018525613242,-7.338786325098975,-20.164079792091854,3.380239,7.459629,0.73266613,0.026572473,3.8053345590685534,0.10166283117370511,3.9069973902422586,-0.27365477988222553,training_run_2
366,-13.705829923507386,-19.39267146037094,-6.077847629315626,3.1819627,7.093312,0.08299881,0.035432845,1.9451260760174869,0.17036195953334565,2.1154880355508325,0.15963006020485015,training_run_2
367,-25.917511644333434,-2.337851301237372,-27.196507822951684,2.7969844,7.0521145,0.122758366,0.2916938,3.6197317222719096,1.4674674590533554,5.087199181325265,0.08227367852816814,training_run_2
368,-37.34405609307176,-1.378326440516929,-38.14361998991277,3.109209,7.3840394,0.04262307,0.0756621,3.6408197660714947,0.18569750807415097,3.8265172741456457,0.1403698743873738,training_run_2
369,-35.696053027557234,-4.3329286645751806,-33.611784133445404,2.9171069,7.1212234,0.50751555,0.868778,3.55456663592023,0.30680106616283087,3.861367702083061,0.06817524162233957,training_run_2
370,-6.957715224098927,-7.300786828552982,-2.8119876153625434,2.8738735,6.662535,0.103193566,0.13192569,1.5806049696258886,0.05513565787448749,1.635740627500376,0.05477133673956747,training_run_2
371,-39.89874310507077,-12.005388686998417,-48.14157955994732,3.1498854,7.5627785,0.094797276,0.91553205,0.4346796738062949,-0.021019255365539946,0.41366041844075496,0.19494432727919653,training_run_2
372,-26.81658897324111,-10.280881540882229,-35.02554496220448,3.1128788,6.8579397,0.028121574,0.3120568,0.31611325403437046,-0.02667527789882762,0.28943797613554284,0.07266166056088513,training_run_2
373,-10.114842218530297,-9.179319154948894,-12.387218483326594,2.9496405,7.2168865,0.09961927,0.06442427,1.4237541486297358,0.005191825383139781,1.4289459740128756,0.035775462826868054,training_run_2
374,-15.9816512784482,-14.613060609632587,-6.169158739300105,2.9462757,6.523288,0.19656643,0.05745613,1.8108225450434783,0.075555377305911,1.8863779223493893,0.14244946735746566,training_run_2
375,-18.61796176714782,-10.129940447780351,-25.816081626072023,3.006629,6.5088115,0.12506594,0.07938033,0.43537629718483956,0.02339327858697904,0.4587695757718186,0.04136259320545904,training_run_2
376,-12.201635963737658,-1.1238836406432937,-11.207429343867673,2.8331409,6.552106,0.09630162,0.06383813,3.8928210375090444,-0.29206487546138415,3.6007561620476602,-0.5161382244734689,training_run_2
377,-32.309265434711094,-16.95935316007942,-15.349912274631672,2.9626756,6.688855,0.054230653,0.08333929,1.9618130297693572,0.14472676706496945,2.1065397968343267,0.28533313152874284,training_run_2
378,-29.377235037212845,-14.379772382353407,-36.88385790819314,3.3143618,6.2783155,0.63443756,0.67212045,0.044033830843966934,0.24587627318206068,0.2899101040260276,0.13270898750960314,training_run_2
379,-15.066480292096982,-8.59848253021078,-23.555570429303145,2.9363887,6.612047,0.2908017,0.41648763,1.2997852675476522,0.000620572866217417,1.3004058404138696,-0.068580029379955,training_run_2
380,-19.26318529285563,-14.801035331744593,-23.096448640768802,2.8361285,6.7094603,0.096370995,0.79087806,2.9376879678243726,0.7801474870693537,3.7178354548937262,0.18666702810767166,training_run_2
381,-32.27988846579473,-4.405959262919586,-29.95222556145208,2.7487698,6.4633546,0.18431081,0.5036213,3.285680568916821,0.8111871509630624,4.096867719879883,0.6030132942179569,training_run_2
382,-1.5758782379500342,-2.6997894463794707,-2.5567697664806346,2.6870193,6.371904,0.26334336,0.058742754,1.4176631549934544,0.014672401342865182,1.4323355563363196,0.004064498303593789,training_run_2
383,-3.3905295508799576,-4.739113884608357,-6.68953944847533,2.845118,5.2742233,0.07893956,0.081179865,1.4247861274789944,0.014406311288218454,1.4391924387672128,-0.014848492696290627,training_run_2
384,-13.273892069045283,-22.127966974018776,-31.424537381267072,3.0294566,6.2075253,0.123697095,0.5399168,2.7001600872752154,0.22727070674387617,2.9274307940190916,0.008342073156471397,training_run_2
385,-42.027677001813075,-4.171209793495398,-39.143922476007816,2.9470427,6.365332,0.07960891,0.63775766,3.4871799792150866,0.4404200701808061,3.9276000493958927,0.3172725253641042,training_run_2
386,-18.050864006786846,-8.49508119899214,-14.936074533943387,2.6270936,6.6622257,0.0940994,0.33229688,1.6200431909086188,0.03152299865153907,1.6515661895601579,0.1494060305620295,training_run_2
387,-11.604517646565423,-27.571655526926822,-33.036400808970306,2.8921695,5.743619,0.23297836,0.34692675,2.965957460069945,0.24175602617448044,3.2077134862444256,0.020982927813421703,training_run_2
388,-30.936216103151,-8.572502910808145,-39.11439704307653,3.2128987,6.275514,0.070960864,0.13648377,-0.012436655590821771,0.5190518878811436,0.5066152322903219,0.1423689935400112,training_run_2
389,-17.35579293087605,-6.576583780737696,-23.073475597154953,2.694287,6.023238,0.16061643,0.214648,-0.013521174071240483,0.1088810886051032,0.09535991453386272,0.14283803553756783,training_run_2
390,-15.220877405311105,-6.658829085128472,-18.208505100786113,2.8975894,5.401576,0.17531197,0.22976542,0.42867216977029077,-0.01931662998374689,0.4093555397865439,0.055346282604495256,training_run_2
391,-28.23581601730048,-1.2847814168239908,-27.996046077092096,2.9621036,5.9706306,0.073730595,0.10111451,3.33471165846453,0.3880859867835258,3.722797645248056,0.20492701765855958,training_run_2
392,-95.32309149668689,-72.13384468222367,-41.40846140741037,2.9254315,6.2896976,0.57683897,0.09259099,63.23299853281801,-62.794585933073066,0.4384125997449432,-63.09762001094796,training_run_2
393,-13.68077139098352,-5.582665260096405,-16.645171098455542,3.1902575,5.7220025,0.21082506,0.33895758,3.1514117266487616,0.9202643637663432,4.071676090415105,0.06541125226909594,training_run_2
394,-35.420744964698606,-10.163829166420761,-44.86950699800856,3.0318775,5.8018665,0.16394077,15.13378,-0.03852383286839037,0.5625308824649068,0.5240070495965164,0.20612351328795284,training_run_2
395,-37.0632735581775,-10.477733109070092,-39.19641329645366,3.225499,5.278448,0.084389135,0.11215805,0.09809087296000052,0.06519253830053276,0.16328341126053328,0.22808084810104678,training_run_2
396,-41.45675024207134,-1.1346300635869608,-41.237615768840996,2.8818989,5.9626203,0.123223,0.044647593,3.5666723628853756,0.2005742543410287,3.7672466172264043,0.1008365278950647,training_run_2
397,-40.02356229505881,-2.4011948318027683,-41.688213665574466,2.7549129,5.8746176,0.09718215,0.31522247,3.570720669553079,0.3967452135409655,3.9674658830940444,0.13365381425770417,training_run_2
398,-20.161106587259383,-7.323957258166063,-26.659307801668817,2.7197478,6.2994695,0.23233008,1.094815,-0.02624369595783034,0.5185044365428522,0.4922607405850218,0.2532430893266854,training_run_2
399,-12.609225154805493,-3.2106373487402826,-11.79161841604995,2.8409045,5.941162,0.09671075,0.05036575,3.428116095358164,1.3615726684526868,4.789688763810851,0.16505736346031652,training_run_2
400,-33.2905301204908,-8.097584839729269,-40.73422854519776,2.9893892,5.5944242,0.9700803,0.96021074,-0.01760779529279813,0.4580478314222415,0.4404400361294434,0.21337215441215093,training_run_2
401,-34.37896745940446,-15.936174766384834,-41.44215159153156,2.8557396,5.3952136,0.18122765,0.8445654,-0.050085730768669276,0.6206261654826207,0.5705404347139514,0.2595052315288364,training_run_2
402,-54.63241514617784,-10.623395514222402,-45.238047123915244,3.1592565,6.034477,0.2210888,0.49515092,1.9980548701657628,0.07094723295466343,2.069002103120426,0.42390407521408724,training_run_2
403,-19.471528677971367,-3.132770358646225,-21.75083231327519,3.2583623,4.862973,0.12970091,0.050740615,3.444440469112552,1.208970627051833,4.653411096164385,0.09427165360793932,training_run_2
404,-3.6770917051727947,-9.147201749972126,-11.172677537230674,2.8876526,5.202681,0.21821125,0.10865501,2.980166535008904,0.40978369540735526,3.389950230416259,0.010768648861259944,training_run_2
405,-30.62097508474961,-1.7135623601526597,-30.968199874722046,2.6669285,6.4358063,0.27111757,1.1854117,3.657546992883837,0.19928730246737958,3.8568342953512165,0.07963212884391524,training_run_2
406,-18.22830603227523,-1.2505350928593382,-17.999023822381414,2.9832232,5.1814413,2.0763834,0.030069489,3.7077789091529643,0.266528314895091,3.9743072240480553,0.0851741470810472,training_run_2
407,-37.96800930868124,-4.860092408722116,-33.17129519230889,2.732694,5.883746,0.07594059,0.024383707,1.9697711864696228,0.032159602879496374,2.001930789349119,0.28844463931654896,training_run_2
408,-25.555549002775866,-7.190336003349604,-18.365212999426276,2.9175444,5.080489,0.19415474,0.3151739,1.9880777741424056,0.05461110384474721,2.042688877987153,0.19439593936680244,training_run_2
409,-12.013139986417984,-1.6228551597485006,-11.333959315869615,2.80836,5.5139723,0.28886488,0.014295674,3.4630536736926807,0.5953486977311746,4.058402371423855,0.16015139728538008,training_run_2
410,-12.11699726014766,-2.9154839046115786,-12.227240530969294,2.8825347,5.3804817,0.10189487,0.09240171,1.939678684266694,-0.008042544160191012,1.931636140106503,0.11593983035719968,training_run_2
411,-7.1638601792734065,-1.824951434790088,-7.166971345759624,2.7890635,4.9327664,0.106059834,0.098045014,1.895591673812649,-0.0052866249601370985,1.890305048852512,0.05028047365835464,training_run_2
412,-35.109440968438655,-1.4321520720938392,-34.912705582247696,2.778092,6.2407513,0.093519695,0.08061971,3.6834621122292517,0.44140920028394115,4.124871312513193,0.1541071747308349,training_run_2
413,-14.976487530307832,-4.0487067689989376,-18.15457520053228,2.8164527,5.9091954,0.12225457,14.726116,2.9874239604503177,0.25131319330751856,3.238737153757836,0.01450297014679025,training_run_2
414,-13.798109859623658,-2.470514581183125,-15.463539415474143,2.825264,5.5146255,0.102794535,0.038256004,2.0184489415653664,-0.016752861466228897,2.0016960800991375,0.10334466423898991,training_run_2
415,-24.60408906054424,-2.5792124743251152,-25.817412021686795,2.6464257,5.4311357,0.031008597,0.04649223,3.2640137623029135,0.5038289490823358,3.7678427113852493,0.037845594512663006,training_run_2
416,-28.523384499232975,-1.0545155135673334,-29.325797752493177,3.068712,4.8455606,0.1879757,0.062155515,3.464024076550352,0.22037381603928052,3.6843978925896326,0.0803672404903315,training_run_2
417,-12.707561483657678,-3.1671772667392952,-12.948845532519377,2.7121277,5.417899,0.069354035,0.02369495,3.554535456986803,0.10110078870214378,3.655636245688947,0.06816677433147067,training_run_2
418,-10.13078334665652,-11.312387147390728,-21.33084640817863,2.6936872,5.452428,0.28640422,0.28459743,2.6935576038333875,0.1285003506720117,2.822057954505399,-0.015443250498452965,training_run_2
419,-38.076698425773706,-5.17852908287359,-41.210442803170416,3.0539634,6.238833,0.17685382,0.13280804,3.5849462639379532,0.5387533699690841,4.123699633907037,0.08393927522654065,training_run_2
420,-14.775859053126776,-0.9232075063934122,-14.138595680968503,2.8661275,5.2315445,0.29972234,0.04041724,3.442066575073484,0.28417903297877256,3.7262456080522566,0.14120696586120118,training_run_2
421,-3.816556531930659,-2.330275144410986,-4.255487637916813,3.0071318,5.2404804,0.118448585,0.027106008,1.987880728175265,-0.003214388024338266,1.9846663401509268,0.01509500264093866,training_run_2
422,-32.83256186330263,-25.933032681637204,-55.309706848360044,2.5370235,5.1659384,0.08097339,0.021978049,3.47679967137299,0.7093641386609741,4.186163810033964,0.03574961671441379,training_run_2
423,-35.87530130100464,-1.4171163856749511,-35.805163789346146,2.883009,5.468254,0.12884706,0.028638933,3.6866301332302562,0.2987546738242215,3.9853848070544777,0.09547952745153676,training_run_2
424,-8.33613100578211,-2.9155217103118307,-8.515531520923552,2.7513897,5.225215,0.14610003,0.0770887,2.1219483550103106,0.0008432707912633397,2.122791625801574,0.06790278788104853,training_run_2
425,-8.698239341217413,-9.823720664282208,-18.42615775716717,2.9790373,5.1476355,0.095724314,0.3457405,2.6501407787613678,0.1326054944376147,2.7827462731989825,-0.011506323698914578,training_run_2
426,-17.77803676233666,-57.1053300125176,-72.11009586526083,2.7822478,4.888753,0.075785145,14.227179,3.4195056022809034,0.17761640575477555,3.597122008035679,0.05849735785574195,training_run_2
427,-16.154429959314076,-0.7310458165684506,-16.505849167083543,2.6285725,4.8976846,3.0884488,0.14596143,3.5500093533747146,0.18216526902480767,3.7321746223995222,0.16119727012910356,training_run_2
428,-13.594998161952109,-2.3602114678273995,-15.767487076310491,2.6577895,4.817896,0.11806876,0.07768652,3.042770551756121,0.3710243996339657,3.413794951390087,0.009368611867010213,training_run_2
429,-11.403727612146996,-1.491327996495687,-11.8242337846681,2.721152,4.8746133,0.13656189,0.08734287,3.495066872263523,0.4356308333891201,3.9306977056526433,0.07104125824147767,training_run_2
430,-48.59031515391055,-10.264071920613866,-50.71297123572838,2.3541296,4.472752,0.18697326,0.3710521,0.16530747431669174,0.03052683844028542,0.19583431275697716,0.24647491996737475,training_run_2
431,-28.88719566284165,-2.0183052664137717,-28.557167974619666,2.4211838,5.225815,0.058746327,0.10011431,3.4021373322941697,0.43594509799237,3.8380824302865397,0.08442742309781792,training_run_2
432,-9.305641390166906,-16.533076079884886,-21.68521509405823,2.8372302,4.924432,0.09241074,0.04356265,3.0458582610210025,0.9023992958498046,3.948257556870807,0.018627191850679736,training_run_2
433,-1.9934524047679152,-1.7197616223966814,-2.7305309515346083,2.7221937,4.652919,0.23235323,0.10462654,2.0588785105885656,-0.00966799917248462,2.049210511416081,0.001916609598570762,training_run_2
434,-9.306417409230233,-2.908323219568319,-10.931963513372299,2.4162462,4.4589863,0.09780056,0.08937579,2.1662208624594523,0.008144750330322026,2.1743656127897744,0.06628708881879897,training_run_2
435,-15.835839935705103,-7.702345842900245,-22.983032464813316,2.6986237,4.775141,0.15911731,0.07630576,0.9306792790216345,-0.05072740939536413,0.8799518696262704,0.04466177103607438,training_run_2
436,-29.811590413035056,-2.498537093382318,-29.749931104479163,2.8425527,4.240185,0.12572116,0.20586447,3.518368162513706,0.26416893924795604,3.7825371017616622,0.1181141469525766,training_run_2
437,-3.4885232133472632,-3.255556540362814,-6.2254897369359625,2.4915676,4.8401885,0.05810763,0.07295717,2.5481474789039877,-0.005526622181073915,2.542620856722914,-0.013875253408507149,training_run_2
438,-8.66287802410547,-22.04646739150384,-22.75301346102429,2.475762,4.560274,0.16310704,0.46546125,3.1142759458143794,-8.406732558759435,-5.292456612945056,0.055110043691482424,training_run_2
439,-36.6455781165594,-1.4763076886995146,-37.48252135853382,2.4139776,5.3079314,0.0969806,0.11390585,3.7561915602324634,0.36259678147208696,4.11878834170455,0.08541543856264777,training_run_2
440,-11.23395697282331,-3.0877337899775514,-13.830796404314903,2.3903291,4.1464005,0.050382666,0.3809486,2.3207254329488896,-0.009635484828825813,2.3110899481200637,0.06066993243580088,training_run_2
441,-8.093385931512696,-4.188877578154423,-9.406273345380683,2.2675023,5.2740893,0.71475935,0.11891308,3.273101087402785,0.20142479411949932,3.4745258815222844,0.05466826724517926,training_run_2
442,-43.58037745051719,-8.889965196304056,-45.98276898313544,2.4316354,4.631987,0.15673067,0.025926635,0.23722111084108932,0.02112550244526551,0.25834661328635483,0.25474718357094794,training_run_2
443,-38.05848102510759,-2.418693255001936,-39.266041519724936,2.2802138,3.8041255,0.18053454,0.13882777,3.5194146467620593,0.7607449642691533,4.280159611031213,0.16789413576961776,training_run_2
444,-14.522293158888722,-15.405938393173185,-20.109669944072913,2.3739793,4.79465,0.09286195,0.082673214,3.1768595921204485,0.18165091676993805,3.3585105088903866,0.04720846232195397,training_run_2
445,-10.41235976533552,-2.8665356734913088,-13.182732969953905,2.3937898,4.870322,0.0659101,0.041033745,2.177140730848595,-0.025800606059637854,2.151340124788957,0.08612401753387022,training_run_2
446,-21.947923835584977,-7.213203365154924,-26.78917933189265,2.573756,4.9075804,0.07265225,0.12092251,-0.09575067825009087,0.22831863801553365,0.13256795976544278,0.24035170047786156,training_run_2
447,-8.395246871384067,-4.675932103392226,-12.006444199458263,2.3944893,5.215272,0.0826362,0.2352273,2.8681684413095185,0.02736046930176128,2.89552891061128,-0.0013680944379919069,training_run_2
448,-12.357650153572841,-3.097915296777905,-15.372118599333254,2.3099723,4.41797,0.19325359,0.029991793,2.202057648024149,-0.014384176779321134,2.187673471244828,0.06895025159797985,training_run_2
449,-12.925814990148599,-3.9935119449092578,-16.757758247475888,2.1094916,4.2417903,0.044937626,0.25245604,2.7923466357428763,0.016512917967325347,2.8088595537102017,-0.020718367298603546,training_run_2
450,-10.712427127515578,-3.421039411629968,-12.85936559082748,2.4375663,3.8914795,0.08364494,0.068624854,2.7459947068278816,8.831205419257415e-05,2.746083018882074,-0.028012399389455656,training_run_2
451,-6.649951276314351,-4.417813330691278,-9.904292153868484,2.5589185,4.6062803,0.12094067,0.05963475,2.4211024955189213,0.014217737328378277,2.4353202328472996,-0.01648629067064933,training_run_2
452,-37.057815963659976,-3.6439636287310995,-39.38023923730022,2.501308,4.615275,0.16115557,0.048634708,3.6115968065888016,0.6047014462519469,4.216298252840748,0.08034162866452466,training_run_2
453,-1.897705408363712,-2.063837445485871,-3.1922251438923688,2.5147564,3.9845457,0.104838565,0.11730191,1.8623295236438329,-0.022986115937309703,1.8393434077065232,-0.013063494038021428,training_run_2
454,-34.167736400728955,-11.180452269235847,-42.458105213795754,2.4263167,3.8195055,0.19010642,0.028112723,0.32051740471456563,-0.021865062484786146,0.2986523422297795,0.13935162709127596,training_run_2
455,-13.224338123000138,-5.029451832027062,-15.48276414460074,2.303372,4.072794,0.2153129,0.023335062,0.6948661021177418,-0.026573999398678882,0.6682921027190629,0.09796577509083837,training_run_2
456,-23.87140494229464,-1.1596874933490513,-24.737593867923398,2.2134588,4.671602,2.7031045,0.40718806,3.367155044770568,0.16211570440390854,3.5292707491744766,0.14674928386015074,training_run_2
457,-9.440074465628996,-5.121849716442882,-14.561924182071882,2.3460262,3.4995828,0.16030565,0.08696848,1.5887891086481818,0.0324004273879821,1.621189536036164,-0.009605385149111134,training_run_2
458,-5.247374947072928,-3.4732124586452815,-8.672689161514011,2.230141,4.377093,0.06611577,0.33164728,2.9302995461335897,-0.00802264697587729,2.9222768991577124,-0.004949064394405234,training_run_2
459,-9.379959163991368,-2.616940059717001,-10.948709981510762,2.0559871,3.9568756,0.11925641,0.36136746,2.8125563822501136,-0.0023587013765911102,2.8101976808735225,-0.04641378447012556,training_run_2
460,-44.08542278183241,-10.635764551370134,-51.458610112624875,2.3226538,4.391642,0.16878505,0.2989095,0.2719515378591126,-0.024261464065989502,0.24769007379312308,0.12688413145225047,training_run_2
461,-5.671028487571742,-1.5222905480807594,-5.748456082013863,2.1980848,4.2963705,0.32280454,0.026483864,2.7762312731104912,-0.009891172644054258,2.766340100466437,-0.032632692862930135,training_run_2
462,-7.927630503013502,-1.9264264701663942,-9.473717836933691,1.7545415,3.7216067,0.024795868,0.02018886,2.120546507412854,-0.03174384178488676,2.0888026656279672,0.043626450986911536,training_run_2
463,-10.627330971309469,-1.5910206108485343,-10.331937396918047,1.8746581,4.363737,0.0636915,0.039035,2.590051923042007,-0.012913125575692685,2.5771387974663145,-0.09693213257548461,training_run_2
464,-34.89247675095337,-8.39727087506576,-40.84881557901895,1.7374403,4.120209,0.14636758,0.034371216,0.28689961687671356,-0.04572247973020857,0.241177137146505,0.09667694966389401,training_run_2
465,-24.52707222195903,-5.672057464274527,-29.343756141387892,1.7102942,3.798137,0.06393875,0.93626904,0.5671539679333627,-0.007790522250180176,0.5593634456831825,0.08317307536182994,training_run_2
466,-1.5025883256267885,-1.8767084919871353,-2.5066782340436693,1.6764314,3.9225972,0.055412926,0.031026633,2.3422142315054186,-0.00416813084161527,2.3380461006638034,-0.01792059778627353,training_run_2
467,-9.866150204698576,-2.6075158453965064,-12.10818499998436,1.9795232,4.2529416,0.05603479,0.2373048,2.8354591070781128,0.05899490760288151,2.8944540146809943,-0.058091635983244405,training_run_2
468,-10.657212902053443,-1.800048222128214,-11.211474761139218,2.0435095,3.4134214,0.1377537,0.1156763,2.6588511583847265,0.013807935255476966,2.6726590936402035,-0.08830524935072681,training_run_2
469,-4.462282428337793,-4.002610268452321,-7.870068659919574,1.7911665,3.893612,0.58295417,0.03321875,3.0482589796402695,0.048609452039807266,3.0968684316800767,-0.01647486850073232,training_run_2
470,-1.344227112094127,-1.597802108015755,-2.4580330637644963,1.5293136,2.8350492,0.059475303,0.22798239,1.9675252023542082,-0.008924406864915468,1.9586007954892928,-0.00015289084616409987,training_run_2
471,-5.220180610666956,-2.524309592541972,-6.932451931822149,1.7770976,3.9778543,0.41764748,1.3668334,2.14181126093803,-0.0019098008544493617,2.1399014600835806,0.026776697674506078,training_run_2
472,-32.28164245307892,-6.127666624096274,-37.105942762589756,1.7181944,3.3318684,0.07039683,0.009794004,0.2815199395555642,-0.00637731288699489,0.2751426266685693,0.23675490544199762,training_run_2
473,-27.51065436315887,-7.52675230780425,-33.94567094982278,1.9555943,3.704835,0.023421686,0.04274933,-0.021465033370991496,0.4459229769513485,0.42445794358035704,0.2870467640477006,training_run_2
474,-11.264692734685113,-2.7549515918207597,-12.004157359578787,1.7490162,4.0413694,0.07738117,0.25576976,3.314102616327495,0.27278102891966194,3.586883645247157,0.04633111641356713,training_run_2
475,-8.682203979199693,-2.3016224733100255,-8.801474277483004,2.146629,3.3469,0.07270874,0.12615004,2.315357618081552,-0.02006038772203622,2.2952972303595156,-0.06475599171708302,training_run_2
476,-26.841648275919887,-3.0631129686284537,-26.242363978182752,1.6075616,3.7551067,0.03546402,0.018674789,3.5433896707821337,0.30219246295217994,3.8455821337343137,0.07539657075286144,training_run_2
477,-11.258851887051843,-2.4470881517515575,-13.328848798774438,1.903361,3.156751,0.07548676,0.08398766,2.756161147557319,0.04291326484648339,2.7990744124038023,-0.07228893447760587,training_run_2
478,-2.841021883294894,-2.1814645205775043,-4.389375091803991,1.5912659,4.3816776,0.05726124,0.031070286,2.1278465467116536,-0.020033279940354642,2.107813266771299,-0.011068766487525306,training_run_2
479,-15.837464437405108,-3.0437916107705867,-18.10484997746608,1.5988958,3.59589,0.050269555,0.09026578,2.5611340747327835,0.001310306738242506,2.562444381471026,-0.12829783430726316,training_run_2
480,-17.123972143149018,-3.5466439868627546,-20.307013742897965,1.5520339,3.820087,0.06618213,0.019693859,2.8528663999891393,-0.00499223703243068,2.8478741629567086,-0.060002795189652236,training_run_2
481,-19.252209639409216,-4.565580950973976,-23.268318211103022,1.6098416,4.2792745,0.037369635,0.12088679,-0.10667861231937864,0.4211631070291239,0.31448449470974527,0.2263632138892717,training_run_2
482,-30.824363546841205,-4.154123340062625,-33.111804558236145,1.3854706,3.5259306,0.10783541,0.054275278,0.10682412742142791,-0.012054220240934346,0.09476990718049356,0.20087911544668255,training_run_2
483,-16.67646126997229,-4.217141297173101,-20.499866997627354,1.6810801,3.863615,0.049338836,0.060900483,2.649953363868993,0.03953877823606877,2.689492142105062,-0.13277144842346233,training_run_2
484,-13.900169059716461,-0.5655992809467247,-14.25170505757799,1.4630613,3.7281008,0.038269803,0.4965822,3.5906847439775764,0.14907376395615657,3.739758507933733,0.08849063345622232,training_run_2
485,-10.316061298647424,-2.9261272914466057,-12.953914454345776,1.3837547,3.0904675,0.695875,0.028849753,2.7918299177610577,0.04879034743061972,2.8406202651916774,-0.08093761586835413,training_run_2
486,-17.092127221818682,-4.8074006409132295,-21.232382618556308,1.5172274,3.4000797,0.042792264,0.02373498,2.737165110175608,0.05332419466751093,2.7904893048431187,-0.10074093796933914,training_run_2
487,-10.31071907755327,-5.03462628966196,-15.132031749232093,1.6804043,3.3751266,0.06018302,0.014093986,2.8422622906185757,0.04693923320531157,2.8892015238238873,-0.0886039187956662,training_run_2
488,-16.755659861050237,-4.4714916833503215,-20.840475386673166,1.4407396,3.0937412,0.033369098,0.041879624,0.6537414524822819,-0.05219538136312618,0.6015460711191557,0.05597280941540694,training_run_2
489,-22.712822625807384,-4.812349451068117,-26.209367114311103,1.2926121,3.083891,0.0939443,0.22152038,3.145676825203875,0.04612543771079736,3.1918022629146723,0.005143386495062963,training_run_2
490,-5.626898892959268,-1.839569341253785,-5.6319774340410635,1.1728134,3.3279164,0.023691472,0.27541092,2.205623443076819,-0.007407984386084365,2.1982154586907345,-0.03762391166264534,training_run_2
491,-36.920322607529585,-1.8879477664907194,-36.958273545026465,1.4618146,3.1874454,0.043218076,0.021998238,3.8204161412232533,0.3287359105772518,4.149152051800505,0.0673548495941092,training_run_2
492,-32.900796793295946,-3.4083885627345984,-35.52650915384671,1.7216933,3.8072329,0.0653349,0.04778836,3.46263417716443,0.34138914635775164,3.8040233235221814,0.022979586946422437,training_run_2
493,-17.77670859647637,-4.971351776534535,-22.558871859773802,1.236613,3.495787,0.05438921,0.026243007,2.7309800397046144,0.04091514032786181,2.7718951800324763,-0.11051887646935299,training_run_2
494,-3.4512379675316125,-2.1088238173632163,-3.3648168250615313,1.4394454,3.1491988,0.16667783,0.12269023,2.031418920518797,-0.017443690386874877,2.0139752301319223,-0.01845199214122273,training_run_2
495,-1.7714517532215153,-1.9376088854671263,-3.2294693397092553,1.5421444,2.8832107,0.43444034,0.04288738,2.1042394838921985,-0.02113589052516085,2.0831035933670377,1.6002444485074818e-06,training_run_2
496,-4.255755374942091,-1.7842730204048882,-5.979830877613685,1.4950577,3.8081179,0.021389093,14.256594,2.9584757188300776,0.13802320445994365,3.0964989232900213,-0.05869255090377745,training_run_2
497,-20.640170952730966,-2.596240334658677,-22.12052477185602,1.4105326,2.6966617,0.19271564,0.03812535,2.446442923612107,-0.035998394155988045,2.410444529456119,-0.16150142375710663,training_run_2
498,-18.323879269020974,-2.8527264181874457,-20.982762204098076,1.3618416,3.6177745,0.06889655,0.040940072,3.0709418078250175,0.04190977451506006,3.1128515823400775,-0.03150661484104189,training_run_2
499,-10.259189578090721,-1.0462337317885053,-11.080097627042003,1.4100792,3.1611686,2.4417574,0.19776587,3.348129937534597,0.20833034323478472,3.556460280769382,0.07165255547310201,training_run_2
500,-221.2052429226092,-7.946935870223237,-213.41421975971815,0,0,0,0,1.491538059970779,-0.01005110542510268,1.4814869545456764,2.037908288330506,training_run_3
501,-139.05929063655856,-24.653872724599193,-163.71316336115785,0,0,0,0,1.3307588805086041,0.2648873068048727,1.5956461873134768,-0.9656007788828549,training_run_3
502,-93.4491199799688,-24.517281404880023,-116.83725134032517,0.21910946,1.9819232,0.024108985,0.098506585,4.175634195675049,-1.6892833283848803,2.486350867290169,-0.38541124323334275,training_run_3
503,-21.03134803128473,-23.150632575703657,-25.639838621605517,0.31127313,2.2166805,0.0019785422,0.067139864,4.173734147847796,-1.421265517140756,2.75246863070704,-1.3701487411896474,training_run_3
504,-85.4974342997948,-9.903859071802595,-75.5935752279922,0.37465537,2.6113358,0.0017319992,0.33384192,4.338957346367604,-1.1496784714001262,3.1892788749674774,-4.187044493358369,training_run_3
505,-83.3245423275858,-5.758046477508202,-77.5664958500776,0.39114228,3.1401422,0.00357532,0.077433564,3.8233231830355883,-0.15200311320082438,3.671320069834764,-3.4482432195724377,training_run_3
506,-60.47007747264975,-5.952397643026048,-54.51767982962369,0.36924005,3.5177388,0.007164344,0.09121009,4.846375549726272,-1.4938663171317939,3.352509232594478,-3.6254491684122563,training_run_3
507,-17.574283744545276,-1.242463242818551,-16.660539093846168,0.35661295,3.6634307,0.007984699,0.04852146,4.270500481571026,-0.42102992082910484,3.849470560741921,-0.551057109379951,training_run_3
508,-27.9988056129558,-0.953077063330604,-27.75137227260213,0.34831104,3.8956037,0.012858394,0.0760034,3.5537557774332433,0.24212669388830266,3.795882471321546,0.11694036960055554,training_run_3
509,-57.77699854485274,-2.0772848663483536,-59.52877089140688,0.35534576,4.275521,0.00832536,0.16171424,3.343189246506399,0.40819862798690787,3.751387874493307,-2.606244822251328,training_run_3
510,-29.193474960622417,-1.8495461830820095,-30.711181598703877,0.4205469,4.646085,0.014840116,0.16136411,3.826797092032337,0.03776863949459486,3.8645657315269317,-0.38692181766282197,training_run_3
511,-32.88840688136643,-3.566020184075034,-31.949765650911672,0.45986107,4.8501396,0.009971772,0.22034594,6.0059849985205656,-2.7331219060525695,3.272863092467996,-2.1576420712987323,training_run_3
512,-14.298837086723289,-4.860989973699953,-12.842611810228057,0.5765809,5.0917187,0.035749875,0.22361161,4.471883882589184,-0.6435854365561102,3.828298446033074,-0.8665578953151285,training_run_3
513,-74.53225851821168,-2.6695148388514336,-77.15896593983916,0.43914357,5.290447,0.035340566,0.4450509,3.558484136111726,0.36206776765837034,3.920551903770096,-3.253587372331474,training_run_3
514,-27.925410617094503,-2.6520604581919995,-30.300735282135687,0.56005245,5.6610003,0.023546034,0.22186743,3.2657847439077257,1.6332626748198829,4.8990474187276085,-1.9014594835685494,training_run_3
515,-14.621134582715461,-3.7493353002982546,-16.26859264835658,0.6026054,5.5327353,0.032580327,0.5110118,3.784946468821558,0.2646343645763114,4.04958083339787,-1.0821244165193242,training_run_3
516,-78.71269612135627,-1.612395336024227,-79.87648039665306,0.55091715,6.2052035,0.029399619,0.46151477,4.108947888834419,-0.09618299179940859,4.0127648970350105,-3.964827181822145,training_run_3
517,-20.01809405375651,-1.6586010679190288,-19.157781970038553,0.59067583,6.143087,0.027900908,0.4949087,3.7595552518942137,-0.24134328550425854,3.518211966389955,-1.4517211539443458,training_run_3
518,-68.67780271628222,-2.886134118448906,-71.3842435673769,0.5976441,6.7408805,0.02244389,0.77195716,3.4235198014066848,0.04105067829580333,3.464570479702488,-2.947444333928761,training_run_3
519,-15.594314425725438,-0.8349697084471988,-15.194960613170334,0.5874577,6.823763,0.02603655,0.3538463,3.5351593505146193,0.2555556794880425,3.7907150300026617,0.043199936972333486,training_run_3
520,-70.01072778820976,-0.7995337881323725,-70.30304972617364,0.59419864,7.232826,0.03514708,0.85037726,3.3656826031642986,0.23917270883695307,3.6048553120012516,-3.0608529852041557,training_run_3
521,-20.573712234891094,-4.282692696492862,-20.884588475584373,0.637505,7.561996,0.033058893,1.24455,4.023133416607864,-0.6311737765143612,3.391959640093503,-1.5937445498202871,training_run_3
522,-29.327267119107365,-5.865689082403202,-30.32474827977725,0.625348,7.6762943,0.028588777,0.75081915,3.2426854910664797,3.6471174593717937,6.889802950438273,0.2747150961158513,training_run_3
523,-72.76843357581922,-1.9802695482976524,-73.10475183502406,0.63461024,8.271705,0.015011667,0.5346352,3.767468732068128,0.007957948018781469,3.7754266800869094,-3.0599439656716565,training_run_3
524,-14.852423636125767,-1.3488657752621585,-14.992842633505093,0.7124861,8.050556,0.040814526,1.3868551,3.6697480624455503,0.10255297515413142,3.7723010375996817,-0.48906436294566324,training_run_3
525,-15.6923841835264,-3.715007418986847,-16.212293887159575,0.66805786,8.457207,0.026481947,0.62005246,4.058807889867978,0.22446914266684992,4.283277032534828,-0.9190366207764127,training_run_3
526,-78.25369356955075,-37.33763111337846,-109.05130321283696,0.69700664,8.997648,0.045958154,2.0576806,3.615148205689991,-35.55483308643113,-31.939684880741137,-3.1729203471285574,training_run_3
527,-40.052513375669925,-1.268944958351738,-39.41065615870644,0.7762747,9.151735,0.08622965,1.0954785,3.5865750004258654,0.23847220002973124,3.8250472004555967,-2.103203282820033,training_run_3
528,-89.77454839205724,-2.453553078722238,-87.320995313335,0.90592635,10.217405,0.07911753,1.0383668,3.9099207380939984,-0.18956349594832078,3.7203572421456776,-3.533018662293622,training_run_3
529,-68.30717871966655,-4.97876414494835,-73.2859428646149,0.83606386,9.954906,0.08045609,1.2264462,3.510765429384967,0.4306487904942453,3.941414219879212,-3.3354507560674413,training_run_3
530,-35.437122246097076,-8.012104637983786,-38.40552688431021,0.8106587,9.90797,0.0654629,1.939035,3.581276835829993,-5.308786175156078,-1.7275093393260845,0.10471366954818873,training_run_3
531,-37.482600577636354,-1.4719636666223892,-38.92433227956081,0.88919187,10.256479,0.039089322,0.7282554,3.9884097368129625,0.05763598349592147,4.046045720308884,-0.16666087641741623,training_run_3
532,-82.99155022081796,-5.148287880062673,-86.40293933489627,0.7755241,10.983336,4.3268385,1.419718,3.9990004698999035,0.33869227658517076,4.337692746485074,-3.8153111793696164,training_run_3
533,-20.654964955345076,-1.399367181184286,-21.446108191519276,0.88253456,10.770859,4.2966275,1.1689655,4.069519105621957,-0.0041510984238435356,4.0653680071981135,-1.707887690742027,training_run_3
534,-98.92845856088607,-15.861803925140972,-83.1677940212897,0.9788835,10.9240675,4.151523,1.6587621,5.541342131968333,-3.5688283234964158,1.9725138084719176,-5.347692943608834,training_run_3
535,-53.98968378527395,-2.063234730949941,-56.03461378882134,0.87981504,11.070967,0.13514388,3.317374,3.463747391036117,0.5740976711724102,4.037845062208527,-3.2377259742944813,training_run_3
536,-12.537883046199685,-1.5751453600426342,-13.322977778016114,1.1444061,11.001386,0.14971775,1.4360503,3.183550241095178,0.4655871434808896,3.6491373845760675,-0.3449412911817369,training_run_3
537,-65.57353233668117,-23.612689052530826,-81.99589924948972,1.0036538,11.215723,0.118540645,1.481002,3.960586716385426,-22.09806547399173,-18.137478757606306,-3.5859928129524556,training_run_3
538,-9.114355432457709,-1.1317735368578856,-9.993266432382867,1.0163738,11.74157,0.1255483,1.4470952,3.526267317223897,0.3065576353092294,3.8328249525331266,-0.6184020479920238,training_run_3
539,-44.12933272161682,-2.2764227695499493,-45.71601546267536,1.0652629,12.071299,0.07021608,2.1428227,4.058002983751639,-0.3884680551920998,3.6695349285595396,-0.27544956898677597,training_run_3
540,-34.78533455922697,-1.3906551114728174,-33.805226414876024,1.0450008,11.273492,1.5776125,0.39065787,3.557796352439332,0.3866282915346102,3.9444246439739423,0.21458194918214835,training_run_3
541,-21.583671877442672,-2.0626783504806827,-20.225055637683575,1.1773388,11.705393,3.8046305,1.3046111,3.4726317541433707,0.40013427380271294,3.8727660279460836,0.08043637805800463,training_run_3
542,-21.81082700879646,-2.791722694382473,-20.80804600114768,1.1245935,11.331209,0.024096144,2.492759,4.484627026123307,-0.7402247951068031,3.7444022310165037,-2.0141134592394714,training_run_3
543,-30.78179838466322,-0.856478680639565,-31.267773001893904,1.106638,11.322082,0.21784022,1.0035796,3.7532537342131027,0.2932230026621694,4.046476736875272,0.013306266000038036,training_run_3
544,-25.904905155859726,-45.717499002721716,-61.983260166465584,1.2290108,12.321993,0.09157489,0.73068494,-0.009624296838179974,2.2237766431315706,2.2141523462933907,0.8326100846021712,training_run_3
545,-15.912080016227714,-25.828592944072206,-35.493674912331244,1.2896273,11.061558,0.13023826,0.31697023,-0.2398498274782575,2.005346734676211,1.7654969071979532,0.8794607356987467,training_run_3
546,-10.777137567141544,-18.69072075773129,-25.124729553753085,1.2923162,11.508824,0.19078086,2.5163662,-0.006953109908615945,1.6482744558494986,1.6413213459408826,0.6165017577390632,training_run_3
547,-61.13926647986172,-10.938117813276426,-71.90587416054267,1.2933726,11.794487,1.3884428,0.9803174,2.9099633259039512,0.9816909922307375,3.8916543181346888,-1.512018744236916,training_run_3
548,-25.198910745396294,-27.77067147011747,-51.75276280693462,1.1796646,11.488482,0.2587992,3.7552886,-0.00641729553347567,1.8912962924032213,1.8848789968697457,0.3266115888314888,training_run_3
549,-31.323016455313194,-1.8652094202654919,-30.49307299367245,1.360703,12.073223,1.63135,1.9553682,3.9043345452280027,0.5035200845172723,4.407854629745275,-0.05970799506358304,training_run_3
550,-35.326264348320265,-1.2767932362289447,-35.583550315442125,1.3759284,11.434368,0.13069727,1.2087157,4.207015014185463,-0.4519011965677384,3.7551138176177243,-0.3632346936774504,training_run_3
551,-28.44439426648194,-27.48334335243143,-53.8112218874038,1.518193,11.313726,3.5004785,1.651189,-0.03730015938181987,1.5139513516602876,1.4766511922784678,0.4423109834135608,training_run_3
552,-19.558031622675756,-5.496642224737533,-15.464899049490995,1.4241049,12.654502,1.4597116,0.23492382,4.0987274242754115,-0.5740422295292102,3.5246851947462012,-1.589698349932961,training_run_3
553,-31.229223998787337,-18.108445742294247,-46.942170088729696,1.6415856,12.422043,3.6894677,0.8710643,-0.26792531900058164,1.0781066911011399,0.8101813721005583,0.6036438674766675,training_run_3
554,-26.008051667102162,-7.0068891121343215,-30.24994475412349,1.3649261,11.149725,0.17728996,0.6481991,5.159085059151088,-1.5969694327311226,3.562115626419965,-1.2826306460429415,training_run_3
555,-20.354810252157268,-13.371458069238237,-13.984660967982817,1.4149529,10.810913,0.054368027,0.9025122,-0.1039766787924662,0.7839399121395838,0.6799632333471176,1.6257667943397895,training_run_3
556,-11.54128126310077,-10.120525827328898,-8.219004878897147,1.6175559,11.431754,3.198411,0.26770973,-0.046863128294637915,0.7482725552445624,0.7014094269499245,1.1927654030725063,training_run_3
557,-15.029276983893421,-3.990863463658683,-17.607479699773908,1.5962633,11.257438,0.36249432,1.3511072,-0.14968510535022025,0.42553629468247856,0.2758511893322583,0.4117789683255446,training_run_3
558,-27.081935576403882,-14.220684797360997,-38.56246737265982,1.5328543,11.45616,0.12110322,1.7868586,-0.32413136520085495,0.950543503748145,0.62641213854729,0.6793636679257617,training_run_3
559,-21.510822393878964,-10.286715665259468,-29.51428150765076,1.6192619,11.507279,0.114091545,1.5413284,-0.10385078944399717,0.6887192299398214,0.5848684404958242,0.48914774590060817,training_run_3
560,-21.33205562645277,-19.96896578327941,-30.11110733747378,1.7138265,12.0917015,0.18840544,0.39965293,-0.2351790978077487,1.1773480380645687,0.9421689402568199,1.1085177001599287,training_run_3
561,-29.48671900497124,-17.398125624033266,-44.52164756889259,1.8017073,11.436706,0.27682602,0.78159714,-0.017369460568082737,0.8618857218289084,0.8445162612608257,0.45914748593740584,training_run_3
562,-35.89037893549091,-8.548214663310388,-43.16101319163931,1.7345757,10.639616,0.08435678,0.55211395,4.175862956484161,-0.8213094591461099,3.354553497338051,-0.4449880057780531,training_run_3
563,-14.888518696498405,-8.61634575511042,-21.061971644210374,1.7435194,10.93176,0.27732104,0.13085847,-0.014863139665075492,0.6240590652442354,0.6091959255791599,0.4636665377874697,training_run_3
564,-9.582090740111752,-1.7642990085823613,-9.01486884413583,1.6220335,12.133905,0.16515544,0.10459003,4.0063211360113895,-0.2052690768814931,3.8010520591298964,-1.1175085260719957,training_run_3
565,-18.30735491610496,-13.110107515661714,-28.06953130663443,1.8883839,10.644343,0.19896768,0.2037401,-0.08724373647681653,0.9019432205732759,0.8146994840964594,0.5765765657429808,training_run_3
566,-21.77784404696414,-20.770815090565495,-14.362172086593512,1.9954172,11.0800495,0.21272224,1.3042302,-0.1612068454449183,1.1431774782883113,0.9819706328433929,1.7258345258723342,training_run_3
567,-39.03864823396946,-7.063329262951656,-43.34896354694297,1.8304291,10.478882,0.12819271,0.28643024,4.716074002579632,-1.1585826727945214,3.557491329785111,-1.0124581264502814,training_run_3
568,-42.3527371855769,-9.549154436809214,-35.35708092264126,1.8850554,11.116292,0.16893294,0.3732118,3.8003061044399162,0.18557126198090002,3.9858773664208162,-1.2990704108376274,training_run_3
569,-40.429333949245766,-7.169686508273342,-46.12881666808897,1.9846697,11.45908,2.6513705,0.80078,4.246662044969754,-0.2710576839245893,3.9756043610451646,-0.6179586306020637,training_run_3
570,-12.100651120811156,-16.46712997067173,-12.106390785520068,1.9387797,11.300211,2.9670808,0.14643186,-0.12039462091235334,1.4429088591541521,1.3225142382417987,1.2119417934910193,training_run_3
571,-22.430596406435917,-7.715440501735228,-18.923644494842513,2.0544343,10.406591,0.043814283,0.5872179,4.598413056775185,-2.2066485622115914,2.391764494563594,-1.9268147172974555,training_run_3
572,-20.80172700390973,-10.559360511238257,-30.687804204848188,1.9835427,10.886856,3.3397799,0.15456358,-0.16200544842104558,1.1471577572934815,0.9851523088724359,0.2750666950049908,training_run_3
573,-14.667355865365566,-15.978083363037197,-22.327860669445386,2.1361477,10.598897,0.26863578,0.7821984,-0.16766484488440214,1.3453510500213044,1.1776862051369024,0.9328194166051237,training_run_3
574,-22.041509522997405,-18.482638303886663,-7.239852446401959,2.1237123,10.738993,0.109774455,0.4055951,-0.09959320240686653,1.4883171617488729,1.3887239593420064,1.7855798789261637,training_run_3
575,-16.10088029528642,-1.1067846886184212,-16.29981737308808,2.1429524,11.096263,0.10716925,0.810674,3.559199715812554,0.3982348655303558,3.95743458134291,-1.3582234871636172,training_run_3
576,-22.93757708729347,-9.830564466489461,-31.958462760214637,2.3254092,10.468973,0.15143369,0.18075116,-0.13581420630874336,1.0577830150839687,0.9219688087752252,0.30300109679284604,training_run_3
577,-25.053449696564485,-16.109142272118056,-8.944307424446432,2.1056142,10.582048,0.16983227,0.7177342,-0.07612930690441685,1.5061349341024437,1.4300056271980268,1.9588281194599744,training_run_3
578,-24.419727849107783,-15.55003938289677,-35.851478057898355,2.063993,10.261575,0.17076284,0.2475206,-0.34230632343412426,1.4306687387596813,1.088362415325557,0.81824384725944,training_run_3
579,-17.193175040712525,-2.0315589155195948,-15.877060106516156,2.1552832,10.599953,0.082057506,2.923646,3.688002258010403,-0.0982122873312985,3.5897899706791043,-1.440705280348666,training_run_3
580,-5.986062712334707,-1.6664178899908202,-7.398948450596257,2.1226375,10.354206,0.25883773,0.29164505,3.58320373851439,0.05241188252871387,3.6356156210431037,-0.6004444131422075,training_run_3
581,-20.26464983225537,-9.624386349192314,-28.220312281072438,2.0031023,10.445805,0.127848,0.73774755,-0.15580159566677787,1.0487582019439852,0.8929566062772073,0.4427187817817528,training_run_3
582,-48.52833938225038,-4.836090130885419,-51.01882726900212,2.191325,10.48534,0.13539878,0.12494027,4.909504704008659,-1.0685778523594442,3.8409268516492143,-1.056624019847503,training_run_3
583,-15.399962786407539,-11.109961738180996,-16.113471927559285,2.2826493,10.297967,0.05321097,0.23347136,-0.31205297216944683,1.2773244520726683,0.9652714799032215,1.1435099853507134,training_run_3
584,-12.646243963440922,-7.150977755043909,-17.24916520755916,2.2426753,10.567582,0.05237034,0.43704882,-0.042565767090051304,0.7865457713814163,0.743980004291365,0.48961523507930993,training_run_3
585,-18.089315659355883,-2.504652750826672,-15.671269572623611,2.376982,10.773332,0.3013801,0.1618994,5.230529719007881,-1.2479878555269077,3.9825418634809737,-1.4494713796011456,training_run_3
586,-28.630914128905516,-8.874582302457986,-36.637102665120544,2.2307205,10.51545,0.16325034,0.12855615,-0.034196654345848385,0.6692840722059953,0.6350874178601469,0.2784789421794474,training_run_3
587,-11.119248066393876,-6.859932741367699,-5.88670707147528,2.3187156,9.878105,4.5513663,0.93442684,-0.0426375799501191,0.8126749749958895,0.7700373950457704,1.2499681804270437,training_run_3
588,-21.780925032188662,-4.770759069030255,-25.15675456457918,2.386489,10.024135,0.25550336,0.2637871,-0.04944500440309764,0.48690228981862266,0.43745728541552503,0.36116260826762625,training_run_3
589,-34.37897715172909,-8.463494117306597,-42.18873089243632,2.390241,10.094611,0.074008346,0.14925043,-0.07009357234432659,0.5160561107366657,0.44596253839233907,0.24399379180254308,training_run_3
590,-26.4398701030312,-9.307475135022914,-33.089995225698985,2.4350827,10.159534,1.140886,0.59902817,-0.21272118234213253,0.6730239143735297,0.46030273203139715,0.5980866058666419,training_run_3
591,-33.86418190163225,-4.500530524685626,-37.669718428828105,2.2968411,10.170447,0.14361744,0.19991058,4.159669360342457,-0.45495705607925396,3.7047123042632033,-0.3092567523445302,training_run_3
592,-30.211327886430027,-4.328217337526587,-32.91809113980422,2.465763,9.908493,0.10181028,2.0221555,4.641773619823946,-0.6468926291528181,3.9948809906711276,-0.8453011648859166,training_run_3
593,-20.63047810768351,-9.86486485706691,-20.961383524076766,2.484313,10.384375,0.49816227,0.28675508,-0.1640364225554314,0.562599786227308,0.39856336367187656,1.340992452277284,training_run_3
594,-24.825630618148814,-8.579191479676048,-20.743904806183185,2.3771217,9.65623,0.14555614,0.30152702,7.939977591281696,-4.230756002365875,3.7092215889158213,-5.203031255951842,training_run_3
595,-12.595301954976959,-2.1382559309913436,-14.387799545601329,2.5917823,9.973946,0.04112364,1.26851,3.3750006993151653,0.6433407181752533,4.018341417490419,-0.3818585406669288,training_run_3
596,-22.404611215357964,-7.202410032251706,-23.44296034506673,2.4859748,9.502368,0.1850941,0.56932074,4.509794990862477,-3.1168619099501442,1.3929330809123326,-1.3419699662749198,training_run_3
597,-12.212624645369251,-2.021943394991722,-13.489746921402313,2.489081,9.415194,1.0074077,0.12539092,3.4362543811671187,1.311501017994488,4.747755399161607,-1.1091891288934312,training_run_3
598,-29.75422888412038,-1.604091905540506,-30.369568886619046,2.6361332,10.114794,2.066211,0.12340378,3.5574074881023257,0.3209376829947961,3.8783451710971217,0.0006388367678922258,training_run_3
599,-36.39743560354321,-4.006177387913613,-38.757131622948286,2.4551966,10.276091,2.0714767,0.8428647,4.094969955429439,-0.434769906095156,3.6602000493342834,-0.4747725600007988,training_run_3
600,-17.79728052528248,-3.341216115424859,-18.94037215953508,2.6094391,9.535118,0.0406597,1.3355721,-0.06128040531858288,0.2109040725995649,0.14962366728098203,0.7722778046253191,training_run_3
601,-13.490967461676501,-6.477919832344494,-19.88274909032215,2.3292577,9.785173,0.04850615,0.18879524,3.7066768575683304,3.9765873662563203,7.683264223824651,-1.2757704013097921,training_run_3
602,-23.983252585003044,-2.7372168656974076,-24.1041528596147,2.360658,9.537714,0.11450702,0.20273834,4.577476646495442,-0.2702853908336831,4.307191255661759,-1.6007413573665072,training_run_3
603,-18.752102743571683,-1.2901341752089759,-19.750966880960522,2.3058383,9.642247,0.044159655,0.63570917,-0.12182749350887273,0.04510208846220462,-0.07672540504666811,0.49252180738999257,training_run_3
604,-12.84536572212376,-1.5086566952632614,-14.31497064039709,2.2976909,9.295308,0.26053563,0.1895144,0.06591226539649737,-0.11268467110764517,-0.046772405711147796,1.239460417604665,training_run_3
605,-22.735779453158116,-1.9038334531431498,-23.934267001472374,2.2587454,9.305665,0.040370725,0.089358024,-0.14326914627110254,0.14451475276771072,0.0012456064966081815,0.4746631212861796,training_run_3
606,-16.854972787282097,-33.90685652963063,-50.645817642178535,2.5587645,9.538563,0.54115903,0.15846111,1.3393216864418083,-0.2121376941038733,1.127183992337935,0.07723720276375179,training_run_3
607,-35.92498801787286,-1.6953893525461925,-37.62037737041908,2.427526,9.494733,0.22233476,0.4516363,3.8564666557166136,0.024009642882431237,3.880476298599045,-0.0009037774510680663,training_run_3
608,-33.49050378262521,-1.0569244759147263,-32.630213175848674,2.4162881,9.305912,0.06766579,0.38541672,3.677308872123148,0.1476225664002051,3.824931438523353,0.07698650687180697,training_run_3
609,-10.270761515334152,-1.0810138700267196,-10.507877197627614,2.4185624,9.235274,0.13665827,0.6536786,3.8572803846901937,0.10848579313484308,3.965766177825037,-0.5764621909052003,training_run_3
610,-21.518196249320244,-1.0094394848223796,-21.335760903590923,2.3434217,9.617424,0.1568431,0.22327067,3.7174484221865756,0.21702589747587453,3.93447431966245,0.10649332511089327,training_run_3
611,-27.796823445283714,-7.135738924253,-20.674554701537005,2.639213,9.476614,0.19073445,0.55725324,1.965210340803835,0.046015669524331004,2.011226010328166,0.2744746597530463,training_run_3
612,-19.731320821542393,-1.8780021127179027,-20.630857049802998,2.5078595,8.738934,0.32169804,0.47663522,-0.12438143984905799,0.15158778200899564,0.02720634215993764,0.5629582764869552,training_run_3
613,-35.696411203294346,-6.751113403581677,-40.67870609676533,2.5305617,9.150064,0.106106,0.17893332,-0.1535228093275962,0.43689021897453484,0.28336740964693863,0.45888103528808477,training_run_3
614,-28.981295990659792,-0.7134031496471354,-28.705219535455598,2.4309537,8.382706,0.055007275,0.2815384,3.5986094480749378,0.16284498918912593,3.7614544372640637,0.0772681987330186,training_run_3
615,-38.99903776091926,-6.649058724336696,-44.404203719233735,2.3099508,9.052374,0.25620374,0.42399022,-0.19797417870747444,0.4010456762775214,0.203071497570047,0.4046019181565076,training_run_3
616,-14.504519953246733,-2.384871923617703,-16.711794936357055,2.5437303,9.185949,0.10257396,2.5212598,4.038658867771287,0.7494849718781884,4.788143839649475,-0.28657479701389876,training_run_3
617,-34.23205277686284,-5.124188356532683,-38.25804550214469,2.3880544,8.972362,0.16842937,0.21430464,-0.1311103926938162,0.31378089573362733,0.18267050303981114,0.35786584292231605,training_run_3
618,-23.69358735983836,-3.332854440557167,-25.5168783332697,2.1308212,8.816388,0.2561835,0.13738608,-0.0962949609282066,0.21537124697698484,0.11907628604877825,0.5737563380964007,training_run_3
619,-44.807674648089495,-4.163199711111096,-43.0302593786592,2.3254204,9.273289,0.15289438,0.11392844,2.102858663432159,0.019752903430126256,2.122611566862285,0.38028430639790134,training_run_3
620,-20.158341194164443,-1.7848051262471265,-21.856835894573152,2.3629684,8.763214,1.2463734,0.6144629,3.8794088881076356,-0.04315521291921165,3.836253675188424,-0.09018718815419913,training_run_3
621,-20.406492091363695,-1.7254254824638418,-20.547111149914045,2.3758996,8.863914,0.91464543,1.2964703,-0.33357710341092556,0.34904381612529545,0.015466712714369876,0.7899905423618285,training_run_3
622,-25.7463227370916,-6.491271654622241,-31.18015937868476,2.1777859,8.725346,0.045287672,0.28153694,-0.06533881764622217,0.18937858210808212,0.12403976446185995,1.0304424468009044,training_run_3
623,-17.138254558989228,-1.469552802850175,-17.958130715034912,2.4414382,8.87217,0.2597515,0.596747,4.096022519007769,-0.40953779257151846,3.6864847264362504,-0.2740308763387955,training_run_3
624,-14.009528178304244,-13.556063270541982,-24.60140841015407,2.2562058,8.807207,0.15501066,0.4371298,0.9927914844940475,-0.13484526275840603,0.8579462217356415,0.054375812047978034,training_run_3
625,-9.515642571593272,-8.688066591199624,-18.011535517469145,2.2266798,8.155659,0.16650322,0.101554886,1.4117879789335135,-0.12295180510338843,1.288836173830125,0.0439461479489458,training_run_3
626,-51.41021196144605,-7.313415810862784,-58.7236277723088,2.307138,8.617521,0.079487935,0.5099256,1.8921213970767046,-0.044078630440113065,1.8480427666365915,0.44020609456926496,training_run_3
627,-25.776538608369933,-0.9029184319109818,-26.372507894364357,2.272398,8.629197,0.06196315,0.58916545,3.9910948420116337,0.3530336951554198,4.3441285371670535,-0.2609907656239887,training_run_3
628,-21.93246780960888,-1.7917385450544971,-23.705068053719593,2.3014355,8.039321,0.062483802,0.12017509,3.876656213857105,0.4483911756762726,4.325047389533378,-0.13556404434902136,training_run_3
629,-57.5717123709507,-11.534001489523034,-69.10571386047378,2.0955093,8.213819,0.079914786,0.86741984,1.89084116119685,-0.07688321436668022,1.8139579468301699,0.48996463177425786,training_run_3
630,-8.156055796896618,-21.63125729706039,-28.589433301799485,2.2376328,7.4795103,0.13275722,0.048395645,1.3195513745194873,-0.24360765350293323,1.075943721016554,0.03288498275267093,training_run_3
631,-31.3237749056944,-6.326547616112419,-35.64915078211258,2.416173,7.726362,0.1198754,2.0600014,4.012155337398841,-0.3595925481611486,3.6525627892376926,-0.4968569672452916,training_run_3
632,-23.690191262136686,-3.0858166035926526,-25.99163788251789,2.225183,7.8707843,0.100018,0.3489794,4.032635795818156,0.5755508247820753,4.6081866206002315,-0.43393438704252807,training_run_3
633,-39.708102552660556,-0.9377536938029128,-39.10827640068014,2.017043,7.8945794,0.04332706,1.1779459,0.02991604388754933,-0.04212596418183186,-0.012209920294282528,0.07487003985417419,training_run_3
634,-8.517527370231479,-28.44128887480048,-29.21669578867044,2.3775842,8.266237,0.09906737,1.2969395,1.21536589314536,-0.23824717742267665,0.9771187157226833,-0.0010017526386987274,training_run_3
635,-64.46462596570782,-6.292718862721029,-69.22508962671746,2.1221704,7.815147,0.027313847,1.9863052,1.9509363662089996,0.05585512564119277,2.0067914918501923,0.5775097562128968,training_run_3
636,-12.948693404012657,-6.693738833179427,-15.471487922252763,2.0815597,7.4198446,0.2026451,0.29717052,3.6079122190717645,1.8281055576405172,5.436017776712282,-0.5336443996757025,training_run_3
637,-26.16078417248909,-2.5782812643377877,-25.512638825694424,1.9537835,8.085383,0.119033426,0.19670613,-0.39279902229488356,0.6296550167186032,0.23685599442371963,0.8873630469654012,training_run_3
638,-27.904652627141235,-2.3134868098126273,-29.842495278092965,2.0589304,7.8136516,0.07236428,0.1789755,4.06675086097522,-0.3799580915663223,3.6867927694088976,-0.18782207943045126,training_run_3
639,-31.129429971719773,-2.1341863659497187,-29.38547459020127,2.1761842,7.2288537,0.14529237,0.11918317,-0.19807009954990137,0.4021704386333875,0.2041003390834861,1.0051176963125048,training_run_3
640,-30.493536896979478,-1.2847377249335405,-31.173925895750564,2.1850932,6.766618,0.054562744,0.14604573,4.047897084322327,-0.22870409002714842,3.8191929942951783,-0.2597727093818385,training_run_3
641,-39.249808902694085,-2.2114521144334627,-38.4050244172787,2.0559676,7.042052,0.08462609,0.13774647,4.003917932219854,-0.5131993366245884,3.4907185955952653,-0.3049137489970968,training_run_3
642,-16.852052115032087,-2.231058699895286,-16.761542613012722,2.25309,7.1448693,0.043689758,0.7414257,4.535125151791564,-0.34926271941200415,4.18586243237956,-1.2269903720534185,training_run_3
643,-8.776417060377433,-1.7906617894981203,-10.245086692334649,2.0637128,7.778035,0.08495483,0.034964252,3.3330601185268676,0.4473737073146622,3.7804338258415298,-0.5970447071940082,training_run_3
644,-13.154956022014135,-0.8308374464494844,-12.571364826881824,1.9131299,7.552017,0.3731564,0.5848747,-0.052972813681751496,0.1651049541032683,0.11213214042151683,0.2821603267907477,training_run_3
645,-40.862856829459716,-2.3137800386259686,-40.17467980064591,1.9451909,7.2902913,0.1657778,0.117452815,4.414758388696584,-0.9438591564232381,3.470899232273346,-0.7699636410301705,training_run_3
646,-12.240633500789652,-1.6822278681385519,-13.787343843242443,2.181147,8.093907,0.2695824,0.49561268,3.744140682932623,0.29675214972790975,4.040892832660533,-0.14686730182211338,training_run_3
647,-35.77110237097861,-0.791227395286789,-35.909517655043075,1.9332404,7.3499384,0.36588266,0.21564633,3.67089789992946,0.08470665370312602,3.755604553632586,0.08425711289202198,training_run_3
648,-25.05684251509369,-1.4288831580782853,-23.995881146786704,1.750255,7.608163,0.24298598,0.6809154,1.4300261934134608,0.00226868237064215,1.432294875784103,0.2248219242881444,training_run_3
649,-11.226933918919741,-0.5604613131025208,-11.355738785908962,2.0017993,7.2913074,0.055570416,0.84941065,-0.06152888007561544,0.07782425580935305,0.016295375733737613,0.5352374460601248,training_run_3
650,-27.130380708485394,-2.2273121137279146,-25.36850717852368,1.9194788,7.33067,0.15749922,0.12322168,1.3707831242426787,0.01962754588070914,1.3904106701233878,0.24457171077875794,training_run_3
651,-47.930001311719984,-7.771761435526517,-46.103848035753586,1.8940543,7.0286455,0.2586338,0.17359892,8.58045081144745,-4.666946347885777,3.913504463561673,-4.7184937902563435,training_run_3
652,-21.61170775132244,-36.66512953888914,-57.5464660537304,2.0033433,6.757366,0.09410358,0.084378794,3.920525343026399,35.255501810753735,39.17602715378013,-0.7123145007713436,training_run_3
653,-15.119739610025757,-6.0221963769917295,-21.113969309858398,1.8076564,7.512218,0.5105996,0.21491823,3.5266616808376123,5.303271324631414,8.829933005469027,-0.08353229981769861,training_run_3
654,-22.853785551575992,-1.7273722275508754,-22.84364694151621,1.8467107,7.2887206,0.16605824,0.106357895,4.077562094587048,-0.7218834927356177,3.35567860185143,-0.5133559728828834,training_run_3
655,-27.539097666806526,-1.338382264636417,-27.367263093922524,1.7524174,7.2219462,0.086629845,0.1434905,4.273313393988308,-0.7905842537830079,3.4827291402053,-0.3851512208869696,training_run_3
656,-15.191293775562942,-0.9808979690242285,-15.025918834454934,1.7519749,7.767924,0.05379969,0.06944132,3.4685761178022596,0.3376057166391324,3.806181834441392,0.04137655356610992,training_run_3
657,-26.500887778371574,-2.9380492120169874,-23.705712784201943,1.7631725,6.9987535,0.08958154,0.20135503,1.3439471870128843,0.05143822675231524,1.3953854137651995,0.21871277162119807,training_run_3
658,-20.949543099530437,-1.7945271585114486,-22.71557267103512,1.7942499,7.202158,0.07320908,0.25815308,3.21830570013051,0.30984470864527935,3.5281504087757893,-0.06428674198890683,training_run_3
659,-14.379401671657604,-3.5266528404392057,-13.103663347759703,1.6541643,7.503346,0.12923145,0.8645892,4.003879257758188,-0.6416862347737688,3.362193022984419,-1.0202281555788737,training_run_3
660,-32.92725229304414,-1.4910004779893555,-31.49540413337224,1.8419212,7.6617618,0.21995941,0.09391619,-0.28294166887175953,0.180021619840066,-0.10292004903169352,0.6775985937198153,training_run_3
661,-37.868909363688694,-3.7397829527108772,-41.605997693862314,1.7120253,6.8954053,0.12693411,0.107532546,1.9056111072885014,-0.03462957069198436,1.870981536596517,0.33818066478999476,training_run_3
662,-14.993893717378407,-1.285774490365852,-16.241968589641495,1.8516805,7.260286,0.11459881,0.1485638,3.5879088154558794,0.23412401243074976,3.822032827886629,0.0019149274799001859,training_run_3
663,-20.62674427495055,-2.8063303223094445,-22.210751568138566,1.6739435,7.2152476,0.108800225,0.65833855,3.4832829052932497,0.14415155237032673,3.6274344576635764,-0.4519037614743575,training_run_3
664,-39.15772111762428,-2.26505927657254,-41.21899828327466,1.651165,7.3027997,0.051582843,0.09462447,3.909369217106519,0.02162778857737413,3.930997005683893,-0.23875708124793693,training_run_3
665,-25.34322676430595,-1.391309371523084,-26.630501021031144,1.8771762,6.7581167,0.08841104,1.0826691,4.027674436227249,0.14836933332280555,4.176043769550055,-0.18248627710403387,training_run_3
666,-22.491282907274435,-1.7951946715647185,-23.709175073345826,1.8539028,7.6557875,0.5390971,0.48582736,4.043089457665598,-0.2441874478224242,3.798902009843174,-0.24324185966908018,training_run_3
667,-30.445558552794918,-2.1916934506773846,-30.831207676455865,1.790653,6.378652,0.043184258,0.062992066,3.7976319550322217,-0.031300939783120985,3.7663310152491007,-0.2618443677896596,training_run_3
668,-40.12779339487142,-3.636495622223568,-43.764289017094974,1.8431782,7.3318253,0.06786462,0.2842867,1.9855275671228445,-0.028940580714258646,1.9565869864085859,0.3233924575627598,training_run_3
669,-19.515163316653297,-17.647146524421796,-31.181177198554398,1.7047387,7.1550674,0.70310557,0.110600896,4.537386800168705,-2.7327387497174116,1.8046480504512936,-1.1362932299468724,training_run_3
670,-8.566563471008074,-1.550625626750791,-10.090593523521191,1.7825524,6.987402,0.091175996,0.07571724,3.773369897841707,0.35734684401657324,4.13071674185828,-0.6085287298323463,training_run_3
671,-36.19536449716279,-4.7787877770527585,-40.74579797866247,1.634582,6.715273,0.058593847,0.0665955,3.7337608220523855,2.5645846819613034,6.298345504013689,-0.09964929186262461,training_run_3
672,-19.501241031383067,-3.356168487564047,-16.145072543819015,1.6670326,7.67268,0.2978819,0.46143875,1.4747671982481776,0.02353499650338109,1.4983021947515587,0.17422692154942454,training_run_3
673,-39.52508752443131,-6.258522349440833,-43.213668983346686,1.5374819,7.0729904,0.16163498,0.44419554,4.4759061614982025,-1.464487029294192,3.0114191322040105,-0.7425183950680254,training_run_3
674,-34.81733708351974,-4.812765983398884,-38.28297209216493,1.8864355,6.5085,0.04653722,0.10632885,4.017218135620748,-2.0010065203308103,2.016211615289938,-0.21033946219096977,training_run_3
675,-4.792901172989933,-1.0621618923718679,-5.240629918576653,1.7168534,6.529728,0.08498146,0.820337,1.2948201632761276,-0.02641612960249451,1.268404033673633,0.027468487250696727,training_run_3
676,-9.246960259421797,-3.044253026526845,-8.65786256085195,1.7053528,6.8787003,1.1349804,0.046363126,4.039006280486974,-0.7391336590144668,3.299872621472507,-0.7562947963965909,training_run_3
677,-8.936747667041452,-7.498091173687847,-14.166364038314848,1.6087508,6.4069123,0.16692886,0.39421353,3.7746513751703783,-5.913077742341715,-2.138426367171336,-1.030005627234324,training_run_3
678,-9.264731618742688,-5.131008540729922,-14.39574015947262,1.6319424,6.262719,0.0751848,0.44125593,2.3266810555119775,-0.04965042278817133,2.277030632723806,0.07365283899585373,training_run_3
679,-24.57517436092138,-3.112781269057706,-25.2487606386057,1.7433214,6.68974,0.2763946,0.23776728,4.814617494306436,-0.9911723177551863,3.8234451765512496,-1.0431385906909156,training_run_3
680,-48.69427078253065,-17.318010846203265,-31.393590980894245,1.9302632,6.939142,0.5551503,0.25441587,0.5352928357998383,-0.15745065245935003,0.3778421833404883,-0.3082311958937328,training_run_3
681,-8.016418333644552,-1.1448646963518971,-8.882475350715488,1.6552681,6.4592056,0.046681985,0.8098981,3.7548768384822204,0.2790662758455231,4.0339431143277436,-0.7918624876526428,training_run_3
682,-26.90492679074238,-1.6676556418735171,-26.057730604258392,1.7751074,5.872483,0.15597424,0.7082459,1.7201597606788075,0.0167208595687538,1.7368806202475613,0.25481865036176665,training_run_3
683,-29.777834849903908,-1.1377593921736062,-29.582560579215297,1.6481235,6.438554,0.5561145,0.040654544,1.7921421723164623,0.0028590651825810554,1.7950012374990434,0.29102494306656923,training_run_3
684,-34.75415455251739,-3.0004997473288157,-35.793984878860925,1.8343387,6.481721,0.051840942,0.15191771,4.009408251483759,-0.48635614067177624,3.5230521108119826,-0.38975791202986665,training_run_3
685,-13.88132667003772,-8.230709690642245,-19.40695552055739,1.703004,6.8038707,0.06829444,0.49380076,4.3218366515537925,-3.547668805554066,0.7741678459997267,-0.7357629104878085,training_run_3
686,-22.402224930427142,-1.890796611126714,-23.122599324662808,1.5669454,6.4442124,0.21189614,0.06652669,3.5173569578599913,0.47436616300629497,3.9917231208662862,-0.44087788987172205,training_run_3
687,-39.015007305205934,-1.440282544509213,-40.184475810651996,1.6495547,6.209511,4.3742595,0.17899203,3.9913953107984317,0.0970935782969291,4.088488889095361,-0.18807296327904544,training_run_3
688,-29.256873766204052,-1.4468970371186962,-28.096255703014165,1.6217844,6.11485,0.34635696,0.03249137,3.482095569949178,0.31840411815878955,3.8004996881079673,0.1755514823233124,training_run_3
689,-11.260338763697739,-1.2799470475542787,-10.203053126795652,1.511685,6.797416,0.11740343,0.7128426,1.3948034974866141,0.013746085979552847,1.408549583466167,0.07595486015503039,training_run_3
690,-27.130498369662046,-1.3678100943842,-26.825816162435153,1.6664461,6.6614623,0.26268536,0.015517153,3.6312888284958253,0.49045057346206455,4.12173940195789,0.05789678479409943,training_run_3
691,-16.475837014170757,-1.3261672639231559,-17.608841980151837,1.4391646,6.23799,4.1368327,0.2165001,3.389220773787051,0.4817790462836764,3.8709998200707276,-0.5210696447084584,training_run_3
692,-17.35875633030079,-1.6501958946690032,-16.456207198048045,1.6855568,6.1591315,0.09014304,0.11681224,4.04008414098481,-0.329598887537347,3.710485253447463,-0.9417029125698564,training_run_3
693,-12.098281472711523,-2.2104654846805083,-14.304592606744716,1.4476395,6.5620527,0.15037024,0.054744825,1.9693915367362151,-0.013963744023938629,1.9554277927122765,0.1229794184160593,training_run_3
694,-17.55869771217015,-13.934949455088951,-29.28411209777889,1.5096543,6.1429768,0.48190492,0.20705956,4.184941493780075,-2.8803091043773703,1.3046323894027045,-0.4716379475876771,training_run_3
695,-19.481275778439084,-0.8946351416134233,-19.621819083733456,1.6693105,6.9533024,0.1786611,0.14815907,4.065283435987231,-0.222250031646527,3.843033404340704,-0.32518099658194277,training_run_3
696,-10.783446563654868,-3.5157893396044675,-14.299013904152805,1.5196023,6.4593806,0.06374684,0.09989999,2.469975235443276,-0.02710406788817732,2.4428711675550985,0.09181422921838012,training_run_3
697,-22.28525290178043,-14.52806105546464,-29.062094749031985,1.4088876,6.2411103,0.073254585,0.13901712,4.046031162112769,-2.491905644049484,1.5541255180632847,-0.9691984330797805,training_run_3
698,-20.110378152549835,-1.1743357647732626,-19.890263718532925,1.4495351,6.367776,0.0652362,0.16663796,3.778617810340085,0.06710559245069225,3.845723402790777,-0.40609863947429004,training_run_3
699,-37.043954951270265,-7.40482015783319,-34.947794519579446,1.7021774,6.2132425,0.30078253,0.07214467,7.224883361944915,-3.9731520229120068,3.2517313390329083,-3.7188816184862477,training_run_3
700,-30.34881827010604,-1.0325412025367424,-31.311414703278043,1.8333409,6.8782372,0.28548014,0.09733616,3.4765150169584373,0.16459799082131887,3.641113007779756,-0.06756471610250836,training_run_3
701,-11.548365610276448,-2.09262130018965,-12.558671957646258,1.6966273,6.125409,0.029590048,0.34942126,3.4910249309944206,0.6667208558866005,4.157745786881021,-0.8664554024261593,training_run_3
702,-14.407322521452809,-0.9577163020331498,-14.77411922466953,1.4098961,6.7671123,0.058709234,0.19575478,1.9151472249433665,0.006219213202706131,1.9213664381460727,0.12266434698209161,training_run_3
703,-24.13498882205934,-1.8349763582232979,-23.57710689103181,1.3872256,6.1149154,0.15151404,0.268615,4.397152729957178,-0.997240341761807,3.3999123881953714,-1.1194454010477854,training_run_3
704,-37.03224606056044,-2.9920642826560258,-38.98052438530392,1.5367582,5.9226313,0.039288558,1.164535,4.1206358314727165,-0.26084968367578565,3.859786147796931,-0.5388743345586322,training_run_3
705,-17.560801653755828,-3.386165350704457,-19.371276910417336,1.4141878,6.4133167,0.02322965,0.20073558,4.021313867084098,-1.4964861939721041,2.524827673111994,-0.31894742859795366,training_run_3
706,-15.53585688163842,-2.4014823541397923,-15.92801863056454,1.4973146,7.0386224,0.042061847,0.1131275,4.095625100878855,-0.327564684989893,3.7680604158889617,-0.8740906697722695,training_run_3
707,-14.497858507838226,-1.5081605349208371,-15.927358955628453,1.7539511,6.169551,0.06191658,0.36614737,2.0704426195748398,-0.003587359075359675,2.06685526049948,0.0939929722085231,training_run_3
708,-10.377587574216614,-1.2948161308184791,-9.997913704755032,1.5418324,6.195205,0.27067634,0.68095285,3.8073384862829363,0.17025385257953474,3.977592338862471,-1.0809653347307329,training_run_3
709,-8.252822449174733,-1.168537530651148,-8.842222561329514,1.4979211,6.1311703,0.097177476,0.1458095,3.183649564040818,0.4243036776031728,3.607953241643991,-0.385588118361714,training_run_3
710,-11.409176823847202,-2.3242912778053024,-12.167155804008221,1.5408648,5.3448696,0.059439667,0.13767876,4.090285910742574,0.04456567525978894,4.134851586002363,-0.8731215064327515,training_run_3
711,-29.453419061497875,-1.1963011231064353,-29.678658444098886,1.5784054,5.9997916,0.39586294,0.14589453,3.9155038690918595,-0.08269324769985698,3.8328106213920026,-0.18828153834171424,training_run_3
712,-14.462046505632854,-1.077948950956409,-14.14682759182397,1.4680226,6.0209966,0.09257151,0.6234963,1.8897123667329043,0.008157732811770568,1.897870099544675,0.11838851318583599,training_run_3
713,-13.831720393540373,-2.5354777779703106,-13.484720383741552,1.4398751,6.3537865,0.073454045,0.057808764,3.5430205836443665,-0.04492190844224142,3.498098675202125,-0.6000530901913299,training_run_3
714,-16.785971064225226,-2.444314944682566,-15.874512420333414,1.4151915,6.0025225,0.040934294,0.115414925,4.271181517945759,-0.39967878860722417,3.8715027293385345,-1.6084692818607276,training_run_3
715,-14.020216034318986,-1.310529381813655,-13.744571430560777,1.5571835,5.7825346,1.5830125,0.12672725,3.4159842599893704,0.11701762306869279,3.533001883058063,-0.6540761855700712,training_run_3
716,-11.16895642485336,-6.679828469233211,-15.708374243824002,1.6663499,5.9101324,0.05403141,0.028577207,3.64901491210007,-5.5884388263799805,-1.9394239142799106,-0.7884757523837664,training_run_3
717,-7.036481184359313,-5.058276854720339,-4.0518264173649685,1.4511222,5.5255547,4.0633507,0.66700125,1.1534557116402793,-0.04657297214924516,1.106882739491034,-0.03322851547691208,training_run_3
718,-12.487941112267395,-2.9760792321250142,-15.449580495515093,1.404659,6.4853873,0.22510737,0.086647585,2.333955429326654,-0.0047235070804143575,2.3292319222462394,0.06974627027400837,training_run_3
719,-20.75110929236046,-1.2706996615541732,-21.7107261245934,1.5359054,5.8478227,0.06080061,0.7776041,3.5489400486407727,0.1198788501339414,3.668818898774714,0.028535264753333234,training_run_3
720,-9.844126292167799,-2.356657673434772,-8.102951953896495,1.4394863,6.4359193,0.08416305,0.06809373,3.8626891322981343,-0.11529210854817729,3.747397023749957,-1.1515684237424435,training_run_3
721,-20.79904586550235,-1.5225480182013091,-20.571443331809164,1.2361537,5.2980766,0.048682053,0.72927165,3.8470510149181463,0.20783131476605998,4.054882329684206,-0.9232359164895838,training_run_3
722,-7.868957327390511,-0.6600909025160182,-8.390850593982304,1.4893374,5.683735,0.42662123,0.74898267,3.980774533058041,0.11065495031082628,4.091429483368867,-0.928413862366043,training_run_3
723,-16.3807156107154,-3.8529308043692443,-16.76067276047472,1.638174,5.8350306,0.18914525,2.107958,3.901126653220074,-0.15444177416901983,3.7466848790510543,-0.7051384979995188,training_run_3
724,-29.952513787353602,-1.2899737809987997,-31.051280294402638,1.3905684,5.319477,0.076687284,0.120243736,3.6568143851185932,0.2995220271137127,3.956336412232306,-0.029690030883072538,training_run_3
725,-30.633060414391704,-0.662024065813198,-30.784830705197738,1.4162086,5.6365223,0.06704996,2.012071,-0.2584279199561767,0.11526809731572615,-0.14315982264045055,0.4033041897247177,training_run_3
726,-36.94223739249724,-0.8009178752391797,-37.26770396181357,1.2682705,5.4617887,0.069462046,0.029785698,3.4582037706893307,0.24376536233227286,3.7019691330216036,0.12906919872591516,training_run_3
727,-15.946241947738992,-16.215200177092257,-15.005530383531092,1.3108424,5.5698256,0.34320486,0.04189717,6.214101030402377,-4.148152983225072,2.0659480471773053,-3.3454694132196003,training_run_3
728,-10.511008311167743,-1.4830706361842738,-10.700660541214727,1.2999561,5.6609697,0.11319478,0.9654495,3.3776741343172616,0.32321580763679325,3.700889941954055,-0.581044750480249,training_run_3
729,-17.630911860972297,-0.7959631233855804,-17.9923280075776,1.5053928,5.794415,0.05703072,0.0150587475,3.950299376664131,0.06945821432176968,4.0197575909859005,-0.19269691101793995,training_run_3
730,-25.652712667198152,-1.9564345525077615,-26.68936964834098,1.4096893,5.932721,0.17517805,0.8243022,4.206647659278281,-0.3985459569891856,3.8081017022890955,-0.33279331074704244,training_run_3
731,-10.915651844375855,-1.25826365812933,-11.108874163851066,1.4697404,5.9843826,0.08330585,0.2663298,2.371600806305783,-0.010914678097579067,2.360686128208204,0.08587210491840214,training_run_3
732,-3.259269098417837,-1.2896594867371731,-4.016552822869986,1.2770481,6.591276,0.030265061,0.45455828,1.9931782484578544,-0.009152196640375143,1.9840260518174793,0.012768475467338503,training_run_3
733,-4.869463440347923,-1.3351427137000247,-5.90101608081981,1.3304136,5.84665,0.0317806,0.11095622,2.1315553460794474,-0.023432456421394132,2.1081228896580533,0.04039175806750128,training_run_3
734,-2.2623042675596405,-0.9135445980366192,-2.4775892075266253,1.5089612,5.705398,0.07850219,0.089483455,1.9582904155708873,-0.0008388457438501806,1.9574515698270372,0.028293765082651134,training_run_3
735,-18.076750212799233,-0.9124560498086942,-17.988657480052318,1.1650867,5.097052,0.09762697,0.06316223,3.560882296800522,0.4683370562581186,4.02921935305864,0.08514130383411933,training_run_3
736,-27.515560058143798,-2.8520795336631557,-26.042885255471642,1.2283366,5.4751873,0.06465825,0.1284827,4.396945462657147,-0.9395540909387519,3.457391371718395,-0.7631261424977662,training_run_3
737,-37.01699252203437,-1.5405084322342601,-35.59843689630291,1.4761435,6.237485,0.04431979,0.0143899005,3.73987848996474,0.14620614735322413,3.886084637317964,0.08783079341521338,training_run_3
738,-31.535113997467636,-1.2055015018400272,-32.12852627236427,1.2873464,5.8616953,0.3007509,0.06673069,0.012440585268414933,-0.07264341941889374,-0.06020283415047881,0.4449191095579328,training_run_3
739,-12.137139056135434,-2.0700558322044844,-13.187261814604174,1.4477307,6.5263605,0.27066186,0.68664044,3.5536401466783083,0.8649045430716287,4.418544689749937,-0.8985957498902248,training_run_3
740,-28.753222249554497,-2.163265582998335,-30.467834901392557,1.3328657,6.0514913,0.43827003,0.08559336,3.7296632941211865,0.6617184339581161,4.391381728079303,-0.1695045333986651,training_run_3
741,-6.6095937387808466,-0.571641379326596,-6.866071949696202,1.3984197,5.8470087,0.5290583,0.5683666,3.643496560040661,0.3325615983058876,3.9760581583465484,-0.8040218723166097,training_run_3
742,-20.239808455097563,-1.5561357459704213,-20.212290300545348,1.3427243,5.9930367,0.14158167,0.054833457,3.5911056466066666,0.2283766542082284,3.819482300814895,-0.5918804688026973,training_run_3
743,-34.520573565034546,-3.502518523490333,-34.86113667194158,1.1827084,5.8994274,0.07877026,0.058675215,4.088229723700776,1.9034329915968797,5.991662715297656,-0.4694738385750994,training_run_3
744,-27.272299988762665,-0.7187028190062712,-26.934678743712468,1.3597207,6.055587,0.121206984,0.16378924,3.902797077712452,0.14324345632526114,4.046040534037713,-0.01408099623848491,training_run_3
745,-7.114211832442273,-1.275608410983185,-6.13838056156073,1.4990683,6.799101,0.58434016,0.065622,2.2617665433708085,0.016597302492901367,2.27836384586371,0.05537263711059115,training_run_3
746,-13.034127934642168,-5.795667265113567,-8.403414605885533,1.258523,5.737162,0.10111168,0.31325048,4.179587391302476,-1.045888902968414,3.1336984883340624,-1.346864962972437,training_run_3
747,-27.92571905640219,-0.7898014967079295,-28.48412579658726,1.3462085,5.810717,0.06127243,0.1766551,-0.181614321534287,0.0390424206550504,-0.1425719008792366,0.42162836699515904,training_run_3
748,-25.419819088895196,-7.838668464137897,-30.590251763599746,1.3677888,6.0381575,0.046426,0.07004062,4.09348585286786,-2.389100502801395,1.704385350066465,-0.42591626260003057,training_run_3
749,-16.568921939226463,-1.4208964055293052,-16.862497588802476,1.3040069,6.286467,0.048937842,0.07275888,3.821753518716946,-0.1947978739438092,3.626955644773137,-0.6352898637555131,training_run_3
